tag_tx,tag_ty,tag_tz,tag_rx,tag_ry,tag_rz,gripper_tx,gripper_ty,gripper_tz,gripper_rx,gripper_ry,gripper_rz,head_tx,head_ty,head_tz,head_rx,head_ry,head_rz
8.397725336114988,-1.2179026508966562,8.49281707790037,0.506268443256141,-1.5095479442701938,-2.9953996853345495,8.709740963875308,-8.374991085566409,2.323779887002114,2.2230065452884755,-0.00860271264893675,0.06068195880176904,0.2158231532110339,0.022008179455416676,1.1085495216556076,-1.5711092756251333,0.0,-1.57071096772483
8.397725336114988,-1.2179026508966562,8.49281707790037,0.506268443256141,-1.5095479442701938,-2.9953996853345495,8.709740963875308,-8.374991085566409,2.323779887002114,2.2230065452884755,-0.00860271264893675,0.06068195880176904,0.2158231532110339,0.022008179455416676,1.1085495216556076,-1.5711092756251333,0.0,-1.57071096772483
8.397725336114988,-1.2179026508966562,8.49281707790037,0.506268443256141,-1.5095479442701938,-2.9953996853345495,8.709740963875308,-8.374991085566409,2.323779887002114,2.2230065452884755,-0.00860271264893675,0.06068195880176904,0.21582218634989697,0.022007787655347753,1.1085507234801406,-1.571096060689234,-2.220446049250313e-16,-1.5707150556094625
2.576099110622284,9.40136616066425,0.8866037413344916,2.715132600538899,-0.9268398273019756,-1.5069121784176212,1.0998579204893184,-2.5540210674096575,-8.293076083939383,-0.3466563163534021,-0.6421314026193004,-0.04779910872128568,0.2158211313460477,0.022007392617199185,1.1085520272958584,-1.571081734526758,0.0,-1.570719177301792
9.766083199362235,-2.775450523867729,4.719135246945285,-2.8464013451958725,-0.2980941923988243,-0.4342604311041597,4.936461505558348,-9.743721897146541,3.8826884254836203,1.730318677296344,-0.4138117785467881,-1.2440455741432168,0.21582011699444636,0.022007011778706436,1.108553279886428,-1.5710679576701319,0.0,-1.5707231509314965
5.169638365915791,-9.415905352466375,1.2840742945749088,3.032161725362159,-1.321307195363629,-1.911774866952853,1.502716726397849,-5.147540863246434,10.524123988177298,-0.4604199207707651,-0.23458650846370643,0.08506671007909684,0.2158190958345172,0.02200666190682943,1.1085545320239634,-1.57105418482155,0.0,-1.570726801471273
5.169638365915791,-9.415905352466375,1.2840742945749088,3.032161725362159,-1.321307195363629,-1.911774866952853,1.502716726397849,-5.147540863246434,10.524123988177298,-0.4604199207707651,-0.23458650846370643,0.08506671007909684,0.2158180683409598,0.02200634305125339,1.1085557830975425,-1.5710404220574103,-2.220446049250313e-16,-1.5707301283925552
4.442492080515894,-4.0002969502023245,-7.096086040817187,-0.6977429137822675,-0.6918224453027303,0.7839280708358958,-6.878999652072999,-4.420954739826259,5.110581267841853,-1.7022085557512183,0.5750614829280831,-0.7073282337986426,0.21581703830606735,0.022006040688663547,1.108557033770671,-1.5710266750871797,-2.220446049250313e-16,-1.5707332832585594
3.485913670437185,5.299064387239508,8.84580597716111,0.2123360277774187,-0.523354434986985,-1.356630870538469,9.060656003327667,-3.4633663605445815,-4.192475629977986,-2.518934271143322,-1.0089038814418436,-0.3527215687876167,0.21581600815462815,0.022005746496274764,1.1085582816357697,-1.5710129503277317,0.0,-1.570736352926093
7.363944605459224,4.700020086347221,6.956138039081495,-1.9147978533487555,-0.2607481718341509,-0.41844093931334575,7.171413744348655,-7.341539809902404,-3.5928843966910358,2.683229660314676,-0.4034007490722944,-1.2865381022338314,0.21581497771909108,0.022005463562060006,1.1085595269958188,-1.5709992545500089,0.0,-1.5707393051640617
7.363944605459224,4.700020086347221,6.956138039081495,-1.9147978533487555,-0.2607481718341509,-0.41844093931334575,7.171413744348655,-7.341539809902404,-3.5928843966910358,2.683229660314676,-0.4034007490722944,-1.2865381022338314,0.2158139881038974,0.02200520523433435,1.1085607196075054,-1.5709861399906124,0.0,-1.5707420006785577
5.4404791113251765,-5.397509293588771,1.7741086277196487,-0.9065802468190132,0.7430773578964409,-2.703883729436842,1.9912227986507884,-5.4183785956341355,6.505738816167662,0.3577216371835399,-0.3175675812119312,2.3633431407893584,0.2158129158513235,0.022004940954416543,1.1085620081030267,-1.570971975366921,0.0,-1.570744758328204
8.030329731047864,-9.945776584854935,2.544152429044697,1.8098881096667,0.051168374934709826,-1.1455609844695502,2.762060154990407,-8.008196288126861,11.053906752039163,0.35114754321884223,-1.1427009742853242,-1.6938867826862567,0.21581188534254514,0.02200470129173779,1.1085632418572902,-1.5709584035339432,0.0,-1.5707472591324327
-8.674388341393355,-6.4660005154564,-1.1638958980720382,2.530139242156679,0.42710874540964405,-1.1348597214581162,-0.9475121337794539,8.696337902392234,7.574741467484898,1.686010297662307,-0.97039108533066,-2.3934385577310233,0.215810856653688,0.022004472163425777,1.1085644710317508,-1.5709448849020584,0.0,-1.57074965004434
-8.674388341393355,-6.4660005154564,-1.1638958980720382,2.530139242156679,0.42710874540964405,-1.1348597214581162,-0.9475121337794539,8.696337902392234,7.574741467484898,1.686010297662307,-0.97039108533066,-2.3934385577310233,0.21580987117533806,0.022004262458189365,1.1085656458491269,-1.5709319624470632,-2.220446049250313e-16,-1.5707518383057382
-0.12131554650447285,0.8210014613073113,1.373689804510967,2.005625393595618,1.3759227624644526,2.864327382755981,1.5893849826953859,0.14338024756320894,0.2873818419249042,-2.4344636978647753,0.052899320967163765,2.9540304014546117,0.21593821904468524,0.02143294442412458,1.1085668685172414,-1.5709185224169149,0.0,-1.5767109015544625
7.1629790316198445,-8.527604790389855,0.24132011217999683,0.9390818796346361,0.2825785298889909,1.9015259642577913,0.11297519189783162,-7.148975529083202,9.636144472401735,-3.0910156335419097,1.1391126307469346,2.252240339196238,0.21756610594580744,0.012008020196429402,1.1085679082590876,-1.5709070787961261,-2.220446049250313e-16,-1.6740475548875675
7.229477072614337,-9.050101600643405,5.386908937059388,-1.855141171849903,-0.43340212711706627,-2.8506693214743977,3.867957940388144,-8.244482928907424,10.158085111013163,-0.15915608367875472,-0.2633028795639072,0.8970547242211127,0.21827516723641627,-0.002303425688226614,1.1085680502327842,-1.570905557789519,0.0,-1.8199419605861662
7.229477072614337,-9.050101600643405,5.386908937059388,-1.855141171849903,-0.43340212711706627,-2.8506693214743977,3.867957940388144,-8.244482928907424,10.158085111013163,-0.15915608367875472,-0.2633028795639072,0.8970547242211127,0.21727778283127136,-0.014161605840824886,1.1085668427407875,-1.5709188572677615,2.220446049250313e-16,-1.9410687843853642
9.104383977901247,-7.890130618106436,-1.1396117807043957,-2.0461433551703903,-1.1466543684569506,0.5067426618753272,-4.173979974830956,-8.070868691484579,8.998838203917478,3.134559463918062,0.20120036669548869,-0.7506554551204241,0.2168136078669613,-0.01705855661796456,1.1085647762501178,-1.5709417515566864,-2.220446049250313e-16,-1.9709108878522184
7.9586116015218735,0.5946784245818151,0.1685925115252136,-2.930556951100438,-1.314329508182162,-1.358091764206259,-2.7283438601061354,-7.412597574071593,0.5138599156399664,0.430698287026382,-0.2504088166016738,-0.4554543316085524,0.21681489302526086,-0.017061456289138157,1.1085627163257499,-1.570964441826943,0.0,-1.9709335364388385
7.288479915579032,9.8012416718637,0.5791467196325399,1.9599639630595318,-0.15853435799119175,-2.1781764889293163,-2.0905936154322804,-6.954721590713607,-8.692786574891944,-2.52876861381811,-0.9455511100043069,0.8972892380239311,0.21681666040436154,-0.017061512852095298,1.108560669608885,-1.570986895440642,-2.220446049250313e-16,-1.9709268947110639
-7.305796600622614,6.432116653374116,3.3131439851754045,2.431304818317112,-0.8614374000393397,-3.0832439104268703,6.112853876821407,5.421623406556264,-5.324262070539593,-2.2366505937948267,-0.03783148277955495,0.3083877166308719,0.2168184047882596,-0.017061590768192123,1.108558652038246,-1.571009106639016,-2.220446049250313e-16,-1.9709205519570663
-7.305796600622614,6.432116653374116,3.3131439851754045,2.431304818317112,-0.8614374000393397,-3.0832439104268703,6.112853876821407,5.421623406556264,-5.324262070539593,-2.2366505937948267,-0.03783148277955495,0.3083877166308719,0.2168201226840621,-0.01706168662609927,1.108556662908198,-1.571031023678124,0.0,-1.97091448956727
8.689167182029571,-6.681199023930773,9.645006057948631,1.4846285054693837,-1.0057960651239402,1.8425463996576699,5.716867423076743,-11.77752389083523,7.787418431427112,1.8033476694306323,0.5421422620729683,-0.23154567981347676,0.21682181452477245,-0.01706178269191924,1.1085547045675004,-1.571052612523049,-2.220446049250313e-16,-1.9709085353062912
7.6480791606695,-1.147133839910781,-8.985758926636763,-0.3509681423545042,0.7505464464992406,0.5995856755196194,-11.038006169395665,-3.5610953087288033,2.2581357921236007,-2.3582008060696404,0.42519259735517,-2.817194865682413,0.21682347523128292,-0.01706190675162145,1.108552775968045,-1.5710738708410634,0.0,-1.9709029768822877
7.6480791606695,-1.147133839910781,-8.985758926636763,-0.3509681423545042,0.7505464464992406,0.5995856755196194,-11.038006169395665,-3.5610953087288033,2.2581357921236007,-2.3582008060696404,0.42519259735517,-2.817194865682413,0.21682497668887413,-0.01706204453189178,1.1085510259139306,-1.5710931481142385,-2.220446049250313e-16,-1.9708981978520999
-6.791644125064598,-2.38728187679566,-9.552830652642793,-2.534041132664391,0.48316575787892235,-3.1073565694812317,-5.935454406691122,9.958842883030293,3.498716175176625,-0.9788878305077173,-0.03045606670960166,1.6540944132084936,0.21695425949531527,-0.016321971567570846,1.1085489644542226,-1.5711157047257325,0.0,-1.9632527384161245
4.524484248237163,6.845424119955272,-4.614787170053949,-1.547839154864109,-0.5153813457598029,-0.2870490638604598,-5.7114792483256664,-2.5898775193382213,-5.7353657722726705,3.019777825011031,-0.24874282395910985,-1.4026081741722765,0.21807115017501483,-0.006987610421832415,1.1085475357321257,-1.5711314947653374,0.0,-1.8675967994963907
-1.556380922828609,8.840992392291142,-1.4945110639371588,-0.02602356236999536,1.0263286953084352,-2.645367678987436,-1.0054331240083751,1.7858689128090393,-7.731941960813427,1.11122126730343,-0.24947417460282062,2.4884123386338564,0.2180451286850445,0.007344186271326457,1.108547505774761,-1.5711319602870368,0.0,-1.7216999475344748
-1.556380922828609,8.840992392291142,-1.4945110639371588,-0.02602356236999536,1.0263286953084352,-2.645367678987436,-1.0054331240083751,1.7858689128090393,-7.731941960813427,1.11122126730343,-0.24947417460282062,2.4884123386338564,0.21643832317801448,0.019137520354322427,1.1085486318909494,-1.571119598144641,0.0,-1.6005706526445644
1.9913162880061037,9.494243924908297,-3.371100640923772,-1.1818999851873084,-0.8582710806225307,-0.31872774736742604,-3.171057078167551,-1.9479005765518023,-8.384624781135473,-2.997597048853914,-0.20607252520595876,-0.6935448335810102,0.21582296886988805,0.02200671562503776,1.1085501606072585,-1.571102766759549,-2.220446049250313e-16,-1.5707262436918796
9.305555704271857,-4.650453599148143,5.339860654009536,-2.245064767897592,1.1046288724255722,0.23333825133099492,5.557932683059903,-9.283048935029974,5.757416027312538,2.2579913540196745,0.10384933550012931,-2.686285974505896,0.2158210795884145,0.022009081118930223,1.1085516907761324,-1.5710859365432723,-2.220446049250313e-16,-1.5707015562063587
7.58910941652492,2.0671868645322515,-1.8654003994210449,0.7658568469296372,-1.1818496910306822,-0.7520176954029222,-1.5596237086385452,-7.58865629781629,-0.8744101610771644,-1.5301021752864388,-0.227391914138956,-0.29982674715795493,0.2158198999486708,0.02200859762300644,1.1085531575324032,-1.5710697980639992,2.220446049250313e-16,-1.5707066008149102
7.58910941652492,2.0671868645322515,-1.8654003994210449,0.7658568469296372,-1.1818496910306822,-0.7520176954029222,-1.649462243982235,-7.567268670555264,-0.9581240335652743,-1.5184494894065717,-0.2617729004006355,-0.2907030078839618,0.21581858721042402,0.022008235218717084,1.1085547449588409,-1.5710523434488657,0.0,-1.570710381701315
-3.5040509138422538,0.02743640545083892,-3.9172494794045463,3.0035737535065423,-1.4752407438321857,-3.0690978120495087,-3.7017345465842943,3.5257274788254866,1.0821040244758091,-1.6366260185085035,-0.006660366582154298,0.09539058701186727,0.2158173407710347,0.02200783224174918,1.1085562677774017,-1.5710356015959661,0.0,-1.5707145861812257
-2.9238204435053294,4.92882795775391,-5.517909491178585,-2.8122607763699516,-0.05033504507694042,2.7449022333710715,-5.303453839705284,2.945391086317381,-3.8190060063099067,-1.2622895901659337,0.39617241677244275,1.516406380774528,0.2158161954773808,0.022007469830057108,1.1085576644933468,-1.5710202411633165,0.0,-1.5707183674984477
2.9803817723264814,4.790308064051787,7.736772755409909,-0.17156277402690112,-0.2364412146061421,-0.06313544362363656,7.951816727253294,-2.957803091129456,-3.683349274564556,-1.7573682941511561,-0.06132808167917858,-1.3338142945371474,0.21581490230997985,0.02200707303052279,1.1085592357773975,-1.5710029334134221,0.0,-1.5707225076874554
2.9803817723264814,4.790308064051787,7.736772755409909,-0.17156277402690112,-0.2364412146061421,-0.06313544362363656,7.951816727253294,-2.957803091129456,-3.683349274564556,-1.7573682941511561,-0.06132808167917858,-1.3338142945371474,0.21581360483501782,0.022006717945523894,1.1085608037452601,-1.5709856919246432,0.0,-1.5707262126242785
1.6130215332301283,9.076466692202505,9.8430826671019,-0.8963170884464653,0.9487414641782763,1.118875894800203,10.057320355723776,-1.5903310001314286,-7.969735500190847,2.7836515940737994,0.5516080024657435,-2.8381109793797967,0.2158124582518513,0.02200641994844577,1.1085621857344008,-1.5709705011813249,0.0,-1.5707293219484795
-9.07223530424432,-5.841495965592996,-0.4191402236082631,2.4926306416310258,0.06342006859659044,-0.037739419922093294,-0.20294922356263922,9.094214175342595,6.950128587772101,0.9240608943195712,-0.03767407926735222,-1.6341897132119028,0.2158111149321693,0.022006086802421315,1.1085637992684272,-1.5709527501496963,0.0,-1.5707327980694188
-8.762282917556451,0.39047096737435183,-0.9728601439235884,-3.1317279558081594,1.10422274386762,2.898216928179787,-0.7576496890739655,8.784228627219086,0.7182377371134108,-1.3426394255519631,0.10848014137112671,2.6869980263221125,0.21580987595544981,0.0220057871572144,1.1085652856983617,-1.570936400133547,0.0,-1.5707359247015098
-2.6449523012207816,4.377754384889707,11.864309870330654,-2.9940644623823363,1.452244408117601,-0.5504415467497475,12.07942137384817,2.667640539333202,-3.270664305305464,2.2656183396659073,-0.0620283983670471,-3.040363835067722,0.21580864080747914,0.02200550218830251,1.108566762600825,-1.5709201404165238,-2.220446049250313e-16,-1.570738898237601
-2.6449523012207816,4.377754384889707,11.864309870330654,-2.9940644623823363,1.452244408117601,-0.5504415467497475,12.07942137384817,2.667640539333202,-3.270664305305464,2.2656183396659073,-0.0620283983670471,-3.040363835067722,0.21580740965456285,0.022005233554088597,1.1085682332269449,-1.5709039778346812,-2.220446049250313e-16,-1.5707417013616556
4.40981140946494,8.716897879972809,-2.30833476833239,-2.263673101659187,-0.17294627651531047,1.3016555978769475,-2.09318862842762,-4.387930660495658,-7.6080912432771095,3.006230696184333,1.2520739836210466,-0.9897413650380295,0.21580618347529978,0.022004979201309238,1.1085696922958255,-1.5708879187210367,0.0,-1.570744355498129
5.03106109451422,1.2135605631652382,11.377074220678516,2.0955347987660957,1.3654520167404876,-1.3778243920586586,11.593034171381492,-5.008484674650193,-0.10590986092069038,1.8985236393597413,-0.20156068864041043,-3.1016197561709564,0.21580496336127875,0.02200473681613068,1.1085711433802468,-1.5708719700725577,0.0,-1.5707468847924053
5.03106109451422,1.2135605631652382,11.377074220678516,2.0955347987660957,1.3654520167404876,-1.3778243920586586,11.593034171381492,-5.008484674650193,-0.10590986092069038,1.8985236393597413,-0.20156068864041043,-3.1016197561709564,0.21580375006837937,0.022004505432779535,1.108572581966754,-1.5708561385597124,0.0,-1.5707492993200267
9.068198923373071,6.543272539875641,9.29562425665138,-2.2032124916404294,-0.7866041439660517,2.4363594642102937,9.511473196565989,-9.045760091263837,-5.435237291761216,-1.1747550945513778,0.4755669094865427,0.6496980875376632,0.21563163836297633,0.022735589262159135,1.1085740018438692,-1.57084051257082,0.0,-1.5631113686979514
4.894186764852158,-8.95598048905728,9.153596644690936,-1.0642217681351225,1.5181998600625048,2.223712671951247,9.622936068023042,-4.357702557297598,10.064236444849213,1.423787764369743,0.04173625405607617,-3.11870704143131,0.21318865189761144,0.03127241782400211,1.1085753572241528,-1.570825617049689,-2.220446049250313e-16,-1.4727494489176989
-7.395933348427677,-5.20996992503618,8.749872975013481,-2.08614282881323,-0.07823550723061201,2.894566788256051,6.9533077870923945,9.30478894996212,6.318403677365379,-0.5350361975033514,0.24625588927871256,1.7296588726208564,0.2074150251177312,0.04494989086900396,1.1085766000332533,-1.5708119391402295,-2.220446049250313e-16,-1.3215719856206132
-7.395933348427677,-5.20996992503618,8.749872975013481,-2.08614282881323,-0.07823550723061201,2.894566788256051,6.9533077870923945,9.30478894996212,6.318403677365379,-0.5350361975033514,0.24625588927871256,1.7296588726208564,0.2013428526292625,0.055182450181484405,1.1085772954389228,-1.570804317533721,-2.220446049250313e-16,-1.2004489612745202
0.03788390835501687,4.069750524528825,-9.580297119490945,1.9420460637195323,-0.16399709037427646,0.9952737292533601,-8.622266551725195,-3.6782016614292354,-2.9611155763239316,0.6177639969430588,0.9749128651857712,-0.8790613086900385,0.19966003341352168,0.057584550377514476,1.1085776700213419,-1.5708003302957279,0.0,-1.1706104669792872
7.112699771755423,5.085010294588493,9.769843491261224,-2.2225449046220467,-1.4471859773977456,2.0427568344020597,11.968660347890399,-2.6866390227299437,-3.976448593114045,-1.7474758499731775,0.11004053311744788,0.45663377362582475,0.1996585390159641,0.05758591058817283,1.1085781510653427,-1.5707950178459695,2.220446049250313e-16,-1.170591313052508
-9.05269658051304,8.618731995112775,3.1675998275476225,2.022173803200192,1.231745898057842,-0.39002733757496516,-0.3912077620325788,9.610484278193727,-7.504801584579612,0.8204896803521479,-0.13116209735918405,-2.42472233090084,0.19965888331608878,0.057585020517725474,1.1085784233997387,-1.5707919086867266,2.220446049250313e-16,-1.1706012700704411
-9.05269658051304,8.618731995112775,3.1675998275476225,2.022173803200192,1.231745898057842,-0.39002733757496516,-0.40990620705171976,9.629088353558652,-7.510139552167075,0.8212231785696811,-0.12679120126144627,-2.4260963353161267,0.1996591515366733,0.05758414454420481,1.1085787713405735,-1.570788114802827,-2.220446049250313e-16,-1.1706107821992937
-7.052298023889376,-2.468870264554173,8.346677559074987,-1.8955021033542496,1.2250615009749257,2.2793428241163722,5.139346402128955,9.804433157467832,3.5775212242189487,0.5072806728552479,0.2602568518748778,-2.9716471032649596,0.19965939252952863,0.05758330491294693,1.1085791186287446,-1.5707843110852664,0.0,-1.1706198342550602
2.322560511772224,-9.736388579407462,-8.680641927417348,3.0638616247451735,-0.07245675107726868,1.0850050538281577,-6.8904577584743265,-5.46331606257761,10.844851894910336,1.62935385731424,1.0800566972886951,-1.016376693301142,0.19965961888608957,0.0575824866269017,1.108579464287588,-1.57078051571641,0.0,-1.1706286216200272
-0.08232339355833673,-7.050449105220378,10.748503307993268,-1.92793900561327,1.3095816755681788,-1.7178136090947964,10.066817995245927,4.3206207826128455,8.15922656566694,-1.7758380182517997,-0.258313606832665,-2.780569918586884,0.19965981725817622,0.057581710020797,1.1085798079773963,-1.5707767427269637,0.0,-1.170636894516072
-0.08232339355833673,-7.050449105220378,10.748503307993268,-1.92793900561327,1.3095816755681788,-1.7178136090947964,10.066817995245927,4.3206207826128455,8.15922656566694,-1.7758380182517997,-0.258313606832665,-2.780569918586884,0.19965998764889475,0.057580977732842126,1.108580147867505,-1.5707730119554846,0.0,-1.170644627589725
-3.9217216030075264,-5.143366127977891,8.817998426619532,0.22978959666280618,0.19852547880919436,-2.293095844867801,6.79320700045513,7.1045657681486825,6.252154251168998,1.5803548879352765,-0.826472290736834,2.266367809833424,0.20009775139990732,0.056969984953367914,1.108580452949487,-1.5707695109390158,-2.220446049250313e-16,-1.178292228026896
-0.6587011165320451,1.159645622034354,8.997365676744273,-1.2859679232373233,-0.26639682541211007,0.02625873791893887,8.36821282956378,3.888000588666457,-0.05081418676724753,-2.849823064356943,0.025324935072677635,-0.9385437332838308,0.20517262678070847,0.049059115609479356,1.1085807886965438,-1.570765871369655,0.0,-1.2739504787036822
-9.102745176255295,7.694344546538051,10.545809992777574,-1.1498834684347385,-0.6756483476269051,1.3183043048354859,8.999064273375026,10.847721267188293,-6.5853726104721,-1.5411285077482604,0.8564739911289436,-0.126066309749807,0.21139936584702185,0.03615522106507328,1.108581567404548,-1.5707574496403902,0.0,-1.419849571240915
-9.102745176255295,7.694344546538051,10.545809992777574,-1.1498834684347385,-0.6756483476269051,1.3183043048354859,8.999064273375026,10.847721267188293,-6.5853726104721,-1.5411285077482604,0.8564739911289436,-0.126066309749807,0.21509742722093933,0.024845985529182636,1.1085827546173814,-1.5707443739739855,0.0,-1.540980978316396
-0.13909562383076768,1.4191637433219597,9.84017967303123,2.147852120474225,0.41545846581601387,2.2451617208008634,10.050957828534592,0.3565839883891625,-0.3100513293929757,-2.0970394594579806,0.796163189937344,2.2055017750906982,0.21579538737800008,0.021997021788085946,1.1085840495689787,-1.5707301224967978,-2.220446049250313e-16,-1.570827416209812
-8.621912191212617,-6.797779867122689,-8.070342149743784,-1.0838213345147638,0.6624024535042103,1.0516205591721395,-7.854421535543285,8.644473679501303,7.905791678686102,2.8065371535986467,0.7541322967770756,-2.5750573751106858,0.21579481895649272,0.02199447662725611,1.1085853609018383,-1.5707157132736798,-2.220446049250313e-16,-1.5708539855427055
-0.44750637134200844,0.7463564046662441,2.2291574981870195,0.7336403751908297,-0.8016618119469253,-1.1568885337347772,2.445044482446741,0.46937822375121807,0.3624344331649603,-1.8591632436436292,-0.6904026632199464,-0.3713450789712876,0.215793622414317,0.02199472973057963,1.1085866554911161,-1.5707014841439415,0.0,-1.5708513440557341
-0.44750637134200844,0.7463564046662441,2.2291574981870195,0.7336403751908297,-0.8016618119469253,-1.1568885337347772,2.445044482446741,0.46937822375121807,0.3624344331649603,-1.8591632436436292,-0.6904026632199464,-0.3713450789712876,0.21579244064278624,0.02199498209438412,1.1085879300334003,-1.5706874377601823,2.220446049250313e-16,-1.5708487102164053
-3.1162059497565586,-6.715170944059892,6.082329878431249,3.0885134064459665,0.34362345602214184,-2.7932704987054375,6.297553924579586,3.13788235265079,7.824421477612281,-1.7457164267561014,-0.32713458284316577,1.9345196323091058,0.21579127502449452,0.0219952283476685,1.1085891902760032,-1.5706735759795016,0.0,-1.5708461400959655
-8.20650674937978,-6.752262170099883,-2.881237168363416,1.0497764953951787,-0.40200210990007523,2.3291192026675747,-2.6658979354065355,8.228642831810134,7.860487817407586,2.228728315531733,0.7316048429046242,1.0169396532328052,0.21579016963391667,0.02199546726539838,1.1085903835482473,-1.5706604461277633,0.0,-1.570843646465028
-6.17288105550204,-1.6021678038316765,-6.421612569165992,-3.0846433791970465,0.0015961269620217156,-2.8399217854037886,-6.2057693777845335,6.195172207283082,2.709835063143797,-1.5144943824832835,-0.3016702281134649,1.5724666816103101,0.21578903671282212,0.021995701549968077,1.1085916112464826,-1.5706469591211754,-2.220446049250313e-16,-1.5708412011597233
-2.567072740549401,-6.4741387582865055,-6.855286316214311,1.4453257653247624,0.25698756411734913,0.7964003959080981,-6.640445328647642,2.589361052054444,7.581612873043852,-0.3794618433933387,0.763438347592801,-1.930173948876752,0.21578788229317553,0.021995915004649223,1.1085928665594051,-1.5706331438793208,2.220446049250313e-16,-1.5708389732680874
-2.567072740549401,-6.4741387582865055,-6.855286316214311,1.4453257653247624,0.25698756411734913,0.7964003959080981,-6.640445328647644,2.589361052054445,7.581612873043854,-0.37946184339333877,0.763438347592801,-1.9301739488767522,0.21578679197883438,0.021996106844831838,1.1085940547281588,-1.5706200680060265,0.0,-1.570836970951121
0.5592850436080532,-2.158281146830401,7.223924082502801,0.7251363485684411,0.8220279477547203,-1.7152259761286677,7.439297692405345,-0.5375771465060496,3.26818212586136,0.9211034890715932,-0.738956365893248,3.008611608800072,0.21578571906818395,0.02199629539727168,1.1085952250511975,-1.5706072004096043,2.220446049250313e-16,-1.5708350029067093
9.934168290151945,-2.3165444196774683,-8.196443909308538,-1.423939173873903,-0.47739251781170045,1.7988109318833572,-7.98148745370663,-9.911865276707722,3.4235227637774197,-0.9564217831695933,1.0453820113495054,0.4117899930505395,0.21578466429662552,0.021996478793506,1.108596374900823,-1.5705945449082188,-2.220446049250313e-16,-1.5708330886438213
1.8051448551602718,-2.040145988774773,4.995040809896338,3.1407175323804033,1.3890102085042222,-0.6175285350196847,5.2103282122789825,-1.7833244375403865,3.1498024397032736,2.179659464902243,-0.10466179168994727,-2.992871471642836,0.21578362894057046,0.021996652702165373,1.1085975060644215,-1.5705821050122024,-2.220446049250313e-16,-1.570831273385501
1.8051448551602718,-2.040145988774773,4.995040809896338,3.1407175323804033,1.3890102085042222,-0.6175285350196847,5.2103282122789825,-1.7833244375403865,3.1498024397032736,2.179659464902243,-0.10466179168994727,-2.992871471642836,0.21578261346906935,0.02199681650389734,1.1085986179884004,-1.5705698847947849,-2.220446049250313e-16,-1.5708295636020557
3.470925089490933,-6.8803624871984725,-7.953140949141261,-2.958574720967451,1.4841646274184153,-1.9355201726404354,-7.739056821611211,-3.4486678091370555,7.987129431215711,-2.592604258751024,-0.08069013295961902,3.1105920860638028,0.21578161806778678,0.021996970662261358,1.1085997074747866,-1.5705578878955941,-2.220446049250313e-16,-1.57082795445793
0.939574228631999,-0.8041391487245555,5.274639116927945,-1.5357437780429541,-0.514447048951792,-2.769692149334941,5.490193175165106,-0.91773852878717,1.9140383273237005,0.22445087278589926,-0.3220088996307604,1.025514942511334,0.21578064251126494,0.02199711757428226,1.1086007770508814,-1.5705461183657714,0.0,-1.5708264209308673
6.054492811083488,-0.47920010638443955,5.0149164439169756,-1.540197810686724,0.19948670562669624,-0.33338131624367234,5.235341865293031,-5.935283539739147,1.5953006373345144,-3.050661360835609,-0.3730304161263396,-1.7783566514314413,0.21577968677215636,0.021997258365549444,1.108601826632226,-1.5705345790835936,-2.220446049250313e-16,-1.5708249512721233
6.054492811083488,-0.47920010638443955,5.0149164439169756,-1.540197810686724,0.19948670562669624,-0.33338131624367234,5.230397280440051,-6.03263890448137,1.5891160740756485,-3.0422046204673707,-0.3264667550314213,-1.7816896074800521,0.21590812009141908,0.021426459803339997,1.1086028181658392,-1.5705236786900671,2.220446049250313e-16,-1.5767804630691973
-8.718277294597062,2.0428600079224317,0.8324327961831859,-1.8718437824814604,1.3608613493260253,-1.8731398045092762,1.214185544641843,8.721113710636176,-0.9340277937259502,-1.5631498361409275,-0.20000533481268645,3.05929090832025,0.21753566449187506,0.012004815061017086,1.1086036442790188,-1.5705145949806214,0.0,-1.6741135991724283
-5.448952102250479,0.01881186613744923,-7.934854584083343,-0.5373855277120337,-0.07357084974401351,-0.5917538050245935,-6.683077439788695,6.715690397109156,1.0875469862721034,-2.1572048655622775,-0.5899618085805062,-1.6520270481662094,0.21824478282793797,-0.002301905037150524,1.1086035607185374,-1.5705155530933108,0.0,-1.8200047970938789
6.841162869786782,1.4451932398216787,-1.6356593642803077,-1.5810418909806159,0.8580624796145795,0.4132370975750269,-3.7434403404875454,-5.826221509276772,-0.33702691950882563,2.811195604268385,0.26591692754252527,-2.8354853380439904,0.21724804826427807,-0.01415620398059917,1.1086021105425325,-1.5705315279526735,0.0,-1.9411285494001003
6.841162869786782,1.4451932398216787,-1.6356593642803077,-1.5810418909806159,0.8580624796145795,0.4132370975750269,-3.7434403404875454,-5.826221509276772,-0.33702691950882563,2.811195604268385,0.26591692754252527,-2.8354853380439904,0.21678430760932366,-0.017052079467607804,1.1085997861914705,-1.5705572704805801,0.0,-1.9709677630099443
8.849270425240494,-0.9231259539886221,-2.3010846044999846,-2.008692746838842,1.2653421270197698,0.8043768714698858,-5.350368825830607,-7.27049188851191,2.0312023178052865,1.9230619856350282,0.21859608776344164,2.9567084753886204,0.21678586264461303,-0.01705480040952516,1.108597454584026,-1.5705829610211977,-2.220446049250313e-16,-1.970987601228253
-8.820002876995513,7.785519953972905,-5.817471899252973,0.024159421380268487,-0.7176532618713876,2.6012881376141923,-1.703519059436204,10.371909310992702,-6.678034161152283,1.2190821393574818,0.39780555315188026,0.37627592522004855,0.21678790745109017,-0.017054702182769634,1.1085951227547413,-1.5706085642868561,0.0,-1.9709783397358844
-8.820002876995513,7.785519953972905,-5.817471899252973,0.024159421380268487,-0.7176532618713876,2.6012881376141923,-1.703519059436204,10.371909310992702,-6.678034161152283,1.2190821393574818,0.39780555315188026,0.37627592522004855,0.21678993819347614,-0.017054640351013714,1.1085928064146913,-1.570634071671793,-2.220446049250313e-16,-1.9709694857588431
5.579961186672671,6.846486094881779,-6.200040682557934,0.6165464901882536,1.059649533005441,-0.49335878674370287,-7.666240056337568,-2.741197409624332,-5.738868570527739,-0.5156512119736189,-0.23365114303742818,-3.082960256769443,0.21679195091007564,-0.017054612902257602,1.1085905057534986,-1.5706594286528164,2.220446049250313e-16,-1.9709610360384042
6.745546859090997,-0.13744979620987152,-5.960114842150991,-0.68710209012664,-0.16988946522787374,-2.150442357733062,-7.900313504369561,-3.907832394462091,1.2453091341221527,1.1362255227214835,-0.9695519008869085,0.8672931852509148,0.21679378550092332,-0.0170546093182809,1.1085884044588314,-1.5706825898637193,0.0,-1.9709535405134266
-1.9399844679034324,7.7984154050714345,3.5907824603406944,-0.12333235085527151,-0.22093757426711313,-0.29933636501203376,4.280277323884354,0.37060167666140653,-6.689515167604175,-1.7615669371305136,-0.29186343197495535,-1.7401054267878742,0.21679591804761794,-0.01705463280649282,1.108585957332379,-1.5707095749771998,0.0,-1.970945093870842
-1.9399844679034324,7.7984154050714345,3.5907824603406944,-0.12333235085527151,-0.22093757426711313,-0.29933636501203376,4.280277323884354,0.37060167666140653,-6.689515167604175,-1.7615669371305136,-0.29186343197495535,-1.7401054267878742,0.21679786769344456,-0.017054707439226862,1.1085837087150059,-1.5707343646770768,-2.220446049250313e-16,-1.9709378830741198
9.865995624911658,-5.539174131546288,3.5722387051436453,0.6528959774546159,0.45608374233030213,-0.7210862057558505,-0.33670523777667205,-10.495135158615689,6.6479580211679785,-0.5484714801377265,-0.6343985690331069,-2.549563730872247,0.21689969069690285,-0.016477887320924922,1.1085814492135333,-1.570759194154335,-2.220446049250313e-16,-1.9649740827822713
-4.860211266773183,6.202889070273319,-8.14257872254865,-0.606054588620148,-1.4527643434017505,0.021723845193426877,-5.5784596344584525,7.490748195601709,-5.094546610616345,-2.1552747253865387,0.0025288975229640354,-0.493103532989642,0.21796522875138147,-0.008011760412098369,1.1085796564242614,-1.5707789957603022,2.220446049250313e-16,-1.8781308481103112
-5.019959476006646,-1.3983583101813117,-9.10863400989247,-1.0212262740404423,-0.9377627506752549,-0.25156586908488715,-7.743584993499786,6.694539963512461,2.506834187449964,-2.7963357597393275,-0.14780662745430373,-0.8130778233873888,0.21805929589783324,0.006770437353154067,1.1085791270823429,-1.5707848663456323,-2.220446049250313e-16,-1.727594783501032
-5.019959476006646,-1.3983583101813117,-9.10863400989247,-1.0212262740404423,-0.9377627506752549,-0.25156586908488715,-7.743584993499786,6.694539963512461,2.506834187449964,-2.7963357597393275,-0.14780662745430373,-0.8130778233873888,0.21654340641225317,0.018458707962620047,1.1085797860037854,-1.5707776173830572,-2.220446049250313e-16,-1.607615052172819
-1.7093114222565653,-6.046400938636845,-8.572316174565577,-0.9526709722618056,-0.4607572817539385,1.5989929039163138,-8.338657847440546,1.817215622565459,7.154783076456515,-0.88932566186038,1.1092158516367974,0.04658700926560773,0.21579583309653672,0.022007144160249483,1.1085809564004099,-1.5707647528805404,0.0,-1.5707217504920719
-0.251541874765703,7.571981626038223,8.868317179728756,1.4841935859626838,-1.1194107166347824,-2.351515664226616,9.084393153597025,0.2741890382927777,-6.463049859119045,-2.4908249634978397,-0.3151134507577831,0.3288660755953191,0.21579516526241221,0.02200592891904711,1.1085820333570284,-1.5707529160155378,-2.220446049250313e-16,-1.570734435603545
5.293505414053572,-5.71611787738981,0.8884703790907533,-3.060449376063803,-1.4713212747525746,0.13818713833706106,1.1042753720472056,-5.271444411388811,6.824750325666453,1.7894576676649125,0.013625059668757267,-0.09847088311515896,0.2157941558539797,0.02200590467580211,1.1085831857540633,-1.5707402296921344,0.0,-1.5707346880242505
5.293505414053572,-5.71611787738981,0.8884703790907533,-3.060449376063803,-1.4713212747525746,0.13818713833706106,1.1042753720472056,-5.271444411388811,6.824750325666453,1.7894576676649125,0.013625059668757267,-0.09847088311515896,0.21579324148423112,0.022005684620137547,1.1085842818962122,-1.570728169196535,0.0,-1.5707369845980323
-8.27372488658412,-1.5398344227995402,-7.8389734928564785,1.2411370337796443,-0.23392654643038746,2.5509943497563237,-7.62377513872093,8.295270623742901,2.647862324919273,2.6576821404092468,0.5724283413503541,1.291429179720587,0.2157923502725277,0.022005414827486965,1.1085853667256518,-1.570716255500331,0.0,-1.5707398004405657
-7.901001689895486,2.0926964399893944,0.399314703692772,-1.7800901615342264,0.8690211853798302,1.0877831671991127,0.6148565032173616,7.9230287447765955,-0.9840757748982352,1.963299050622812,0.6086819789533022,-2.7673945660786905,0.2157914742955881,0.02200513190979555,1.1085864364796802,-1.5707044946880955,0.0,-1.5707427533609648
8.730374546404189,3.3814245748330443,3.9304882161499783,-2.903741719426435,1.083086713457472,-0.7858429804766061,4.147070650953253,-8.708167183922438,-2.272439603327322,2.5326988663409074,-0.3377985756936057,-2.7828551083989836,0.21579060644924114,0.022004867901689817,1.1085874893999728,-1.5706928899386152,0.0,-1.5707455089385425
8.730374546404189,3.3814245748330443,3.9304882161499783,-2.903741719426435,1.083086713457472,-0.7858429804766061,4.147070650953253,-8.708167183922438,-2.272439603327322,2.5326988663409074,-0.3377985756936057,-2.7828551083989836,0.21578974476106344,0.022004632616650793,1.108588531273018,-1.5706814447689146,-2.220446049250313e-16,-1.570747964718863
0.9001242138329815,2.077711719727569,-3.139653872025235,-2.6421617488022844,0.2951582265486572,0.13347746545988728,-2.9235766781099306,-0.8782699550231927,-0.9694924391508488,2.0313008542530184,0.12770760390332736,-1.8683880962708714,0.21578889230936849,0.022004413800905977,1.1085895578732987,-1.5706701624646537,0.0,-1.5707502486177587
-5.807559948826759,9.910084313742097,-8.839024720197436,-0.8643318477006431,0.26721760951860785,2.375783696972851,-8.62218415841326,5.829168685007758,-8.80266428622494,0.95494513808641,0.7322653119379776,1.9336981431380078,0.21578805158595216,0.02200420197617175,1.1085905679338441,-1.5706590469498678,0.0,-1.570752459580439
2.6615260231910387,6.296025419407947,3.1803752530264866,-0.10542005351927584,-0.7966036251041884,-2.4763923219257875,3.397201850962848,-2.6393887849021564,-5.1869651500083584,1.9764390864946302,-0.44629426746706335,0.6558585825375209,0.21578722347491058,0.02200399466185486,1.1085915634883627,-1.5706481021460057,0.0,-1.5707546235011083
2.6615260231910387,6.296025419407947,3.1803752530264866,-0.10542005351927584,-0.7966036251041884,-2.4763923219257875,3.397201850962848,-2.6393887849021564,-5.1869651500083584,1.9764390864946302,-0.44629426746706335,0.6558585825375209,0.21578640709125668,0.022003797064109237,1.10859254287066,-1.5706373319331497,-2.220446049250313e-16,-1.5707566860260522
-6.45181477474533,-3.7943476660048114,-9.742667771178732,-1.6318869425300855,-0.38830684340757937,2.4255999046945282,-9.52774838480322,6.473437830248976,4.901361713205083,-0.37947822263606446,0.6528336581766538,1.0738724095194843,0.21578560237716432,0.02200361059203889,1.1085935056568197,-1.5706267396278077,2.220446049250313e-16,-1.5707586324408593
-7.098517666285675,-0.11270029270233017,-2.702229325324133,-2.7205507522366963,-0.709503561017887,1.277369535581331,-2.486724183187828,7.12042209161624,1.2208201415861648,3.128442038624507,0.8126962293303808,-0.3248086944845833,0.21578480956339735,0.022003435394106038,1.108594451853368,-1.570616328533945,0.0,-1.57076046119188
9.702599566534953,1.368696218865873,-4.124255568351186,-0.718777841336694,0.7894162464931718,-0.5511874009591163,-3.907879498762396,-9.680738157966418,-0.26087838971814287,-1.8779312690401293,-0.37759553988344874,-2.4399730189991393,0.21578402957487847,0.022003268470542348,1.1085953824726558,-1.570606101592528,-2.220446049250313e-16,-1.5707622035934896
9.702599566534953,1.368696218865873,-4.124255568351186,-0.718777841336694,0.7894162464931718,-0.5511874009591163,-3.907879498762396,-9.680738157966418,-0.26087838971814287,-1.8779312690401293,-0.37759553988344874,-2.4399730189991393,0.21578326290734,0.022003108752793713,1.1085962956655804,-1.5705960619250063,-2.220446049250313e-16,-1.570763870798818
-3.612323907913188,7.148542910992269,4.400674003253043,1.8681850698722064,0.03230702258362261,1.1302835359011514,4.617776701073744,3.6344694084027824,-6.039062134852395,0.22944324999254923,1.1291930211378842,-1.645988220245814,0.21591187468217016,0.02143200684787669,1.1085971950283737,-1.5705861704800215,0.0,-1.5767223166395103
3.6140116045703543,3.4606219114652923,8.723110346948705,1.8769362694483656,-0.5607132373896786,-0.900656626036696,8.825180546765809,-3.8611264437770205,-2.350160266611771,-0.28468637003941405,-0.7259415956689307,-0.8107589316209276,0.2174752470506644,0.012525211620361626,1.1085978703014339,-1.5705787395329613,0.0,-1.6687712204866976
-3.021304343705406,6.594072142299073,8.557875696739242,1.0024458418257398,1.1807676040844721,0.7967048834871994,9.218970257139398,1.175178698667013,-5.483614268983251,-1.3259723212388557,0.2755499506637882,-3.0714116344516533,0.21826172769807917,-0.001722208359724765,1.108597707185499,-1.5705805934133688,0.0,-1.8140918760376514
-3.021304343705406,6.594072142299073,8.557875696739242,1.0024458418257398,1.1807676040844721,0.7967048834871994,9.218970257139398,1.175178698667013,-5.483614268983251,-1.3259723212388557,0.2755499506637882,-3.0714116344516533,0.21730161844381263,-0.01381975765173047,1.108596182022338,-1.5705973930937194,2.220446049250313e-16,-1.9376503115742463
5.9092894004673635,-3.730103207766609,11.449716263870279,2.793886560681864,1.3450456647089486,-0.8479915694703364,8.590527448445823,-9.807771814706236,4.840897388476057,2.0583419780404717,-0.16847681907829792,2.9055059093680464,0.21678945896727675,-0.017053029652828768,1.1085937294847292,-1.570624435836213,0.0,-1.9709559478158922
1.478304761563523,6.80127332079374,5.984606337197228,2.518841100501942,-0.9202064061788328,-1.3743902984324146,5.15370072131282,-3.7103499751145677,-5.691753001268226,-0.3776979305564552,-0.6361900000290026,-0.5476254524070545,0.21679163910071736,-0.017052811299670907,1.108591279159128,-1.5706514821459698,0.0,-1.9709449818882572
4.12023824975498,-6.1423945192382305,0.4819010682054241,-2.0349473946522516,1.1563957704272605,2.8865887862776476,-0.9450800578913099,-3.999254188914178,7.251041602224958,-0.22996399556189567,0.10185222376025593,2.3390283250423165,0.21679379432228996,-0.01705267465895607,1.108588833363637,-1.5706783964897246,0.0,-1.9709349033848491
4.12023824975498,-6.1423945192382305,0.4819010682054241,-2.0349473946522516,1.1563957704272605,2.8865887862776476,-0.9450800578913099,-3.999254188914178,7.251041602224958,-0.22996399556189567,0.10185222376025593,2.3390283250423165,0.21679587124145655,-0.017052919332825232,1.1085864028844807,-1.57070517114884,0.0,-1.9709288099192992
-5.525792629576419,6.955368434345051,9.059856329504317,-1.4029609025879644,-1.206041774949625,2.858312076942795,10.71407848244538,1.542852850471617,-5.846001796518316,-0.097730117514616,0.09979076981936608,-0.04872886513915714,0.21679793942366343,-0.017053129911443313,1.1085839887356803,-1.5707317603820412,0.0,-1.9709224244391663
5.899012586002371,8.680901119953152,0.2803630421067389,2.009899402082879,-0.9195035824160734,-0.5559146745944226,-1.8224168550171382,-5.55950807910231,-7.57230361745848,-0.019782543241482667,-0.32568047472155137,-0.9747239884912152,0.21679998951053225,-0.017053339646162638,1.1085815971859838,-1.5707581199630498,0.0,-1.9709161046989159
-1.688781266429686,5.68220541657344,-0.5311991063592547,-2.4487568574376986,1.0458783145609916,-2.9050152849272526,0.385468320923379,1.7452189341870419,-4.573634722495288,-1.0836511522087218,-0.11771307139977827,2.228724637529002,0.21680201429853568,-0.017053575215556647,1.1085792309402394,-1.5707842182499823,0.0,-1.9709101364698476
-1.688781266429686,5.68220541657344,-0.5311991063592547,-2.4487568574376986,1.0458783145609916,-2.9050152849272526,0.385468320923379,1.7452189341870419,-4.573634722495288,-1.0836511522087218,-0.11771307139977827,2.228724637529002,0.21680402206549138,-0.017053848644577548,1.108576873278564,-1.5708101865345805,0.0,-1.9709046016759615
6.224845990352726,-8.401485657728005,-2.2100166790045144,-1.0041236176877615,1.2955850305735996,0.22962240162182507,-4.243198932659809,-4.8894802310285375,9.510104485405712,-2.7961907123260366,0.06187403387209334,3.0098187913751366,0.21688127239455585,-0.016621306955497517,1.1085745458854395,-1.5708360442612106,0.0,-1.96642989496896
-6.754897127031601,-4.913128050746051,1.1263019024380618,-2.9414542225335643,-0.8804853984164126,2.869691231856938,3.6933714638455033,5.886553176615917,6.021643930309367,-1.582375972288589,0.17189981507675345,0.3048807110199035,0.2179714831563641,-0.008010695794630674,1.1085725479530826,-1.5708578330364107,0.0,-1.8781005070767076
6.051246905842728,-8.275319529762463,-2.47337136306702,2.2761273567526876,-0.6170244590635451,0.8783205552110829,-3.335342257363283,-5.4829334102160034,9.384060474179702,1.3143426327006944,0.6787022840453485,-0.9196157525520317,0.21810362511663534,0.006194100100329454,1.108571927282629,-1.57086470804684,0.0,-1.7334605169844792
6.051246905842728,-8.275319529762463,-2.47337136306702,2.2761273567526876,-0.6170244590635451,0.8783205552110829,-3.335342257363283,-5.4829334102160034,9.384060474179702,1.3143426327006944,0.6787022840453485,-0.9196157525520317,0.21654933928895387,0.018461121580025216,1.1085725220822182,-1.5708581702134587,0.0,-1.6075875965811024
4.553180981617233,7.182290278852225,3.2096392219571435,0.41069642549893937,0.7349087701961694,-2.439215001729123,3.3037367729527096,-4.617196846551665,-6.073911977809784,1.465356535734793,-0.4998892035383302,2.4137346174440344,0.21580126571193814,0.02201197649293202,1.1085735800600574,-1.5708465373201512,0.0,-1.5706713146578206
5.191710594277092,-0.9360137609444514,-4.9734109489475955,-3.045804369584802,1.3395773803783362,-0.21225861624550865,-4.757135992742045,-5.170114272397357,2.044818046307451,1.8733458683781834,-0.04834155741897184,-2.915302434624211,0.21580117637309582,0.022008308699796315,1.1085746403422314,-1.570834886927524,0.0,-1.570709599080777
-7.795389051221482,9.526304749991763,-4.318696938958926,2.2548510572820257,-0.3959497959482672,2.2178528739717507,-4.103872570851285,7.817018426027905,-8.417596961308977,-2.929477342298551,0.8273546049316267,0.9646091728462104,0.2158002791877,0.022008189945136127,1.108575691228156,-1.5708233308905954,0.0,-1.5707108378506713
-7.795389051221482,9.526304749991763,-4.318696938958926,2.2548510572820257,-0.3959497959482672,2.2178528739717507,-4.103872570851285,7.817018426027905,-8.417596961308977,-2.929477342298551,0.8273546049316267,0.9646091728462104,0.21579947867544041,0.022007844813625322,1.1085766900635108,-1.5708123333460282,0.0,-1.5707144397120458
8.509405551591637,0.4687143365120825,5.532639476418911,0.3042774929344141,1.5340664357084361,0.500078418852046,5.7491270734306426,-8.486945726971879,0.6397808540904508,-1.7663138836013208,0.017593981830588135,-3.109275507090584,0.21579865883448457,0.022007485527128678,1.1085777166476956,-1.5708010536845174,-2.220446049250313e-16,-1.5707181893758086
3.3755859256264067,-9.067370621502658,7.858875953351852,-1.0661554548318877,1.0079555182288442,2.8775300972029396,8.074893898403708,-3.3529875954701587,10.175978558650339,0.7294426089964583,0.13972698982284681,2.5946238575650797,0.21579779340766875,0.02200709524402162,1.1085788034767121,-1.570789115350309,0.0,-1.5707222626289512
3.3755859256264067,-9.067370621502658,7.858875953351852,-1.0661554548318877,1.0079555182288442,2.8775300972029396,8.074893898403708,-3.3529875954701587,10.175978558650339,0.7294426089964583,0.13972698982284681,2.5946238575650797,0.21579698869291758,0.022006733962513098,1.1085798108624034,-1.5707780193247867,2.220446049250313e-16,-1.5707260332685455
3.3755859256264067,-9.067370621502658,7.858875953351852,-1.0661554548318877,1.0079555182288442,2.8775300972029396,8.074893898403708,-3.3529875954701587,10.175978558650339,0.7294426089964583,0.13972698982284681,2.5946238575650797,0.2157961829581747,0.02200640294549509,1.108580814137866,-1.5707669975890397,-2.220446049250313e-16,-1.570729488053036
3.3755859256264067,-9.067370621502658,7.858875953351852,-1.0661554548318877,1.0079555182288442,2.8775300972029396,8.074893898403708,-3.3529875954701587,10.175978558650339,0.7294426089964583,0.13972698982284681,2.5946238575650797,0.21579538018525196,0.022006097737712466,1.1085818056138745,-1.5707560871158845,0.0,-1.5707326734838156
3.3755859256264067,-9.067370621502658,7.858875953351852,-1.0661554548318877,1.0079555182288442,2.8775300972029396,8.074893898403708,-3.3529875954701587,10.175978558650339,0.7294426089964583,0.13972698982284681,2.5946238575650797,0.21579461610271955,0.02200581541602898,1.108582748902178,-1.5707457260822133,-2.220446049250313e-16,-1.5707356200900724
3.3755859256264067,-9.067370621502658,7.858875953351852,-1.0661554548318877,1.0079555182288442,2.8775300972029396,8.074893898403708,-3.3529875954701587,10.175978558650339,0.7294426089964583,0.13972698982284681,2.5946238575650797,0.21579379639273277,0.022005519945669533,1.108583757202955,-1.5707346321288256,0.0,-1.5707387039701732
3.3755859256264067,-9.067370621502658,7.858875953351852,-1.0661554548318877,1.0079555182288442,2.8775300972029396,8.074893898403708,-3.3529875954701587,10.175978558650339,0.7294426089964583,0.13972698982284681,2.5946238575650797,0.21579301603759693,0.02200524800752169,1.1085847154556518,-1.5707240977656836,-4.440892098500626e-16,-1.5707415422738664
3.3755859256264067,-9.067370621502658,7.858875953351852,-1.0661554548318877,1.0079555182288442,2.8775300972029396,8.074893898403708,-3.3529875954701587,10.175978558650339,0.7294426089964583,0.13972698982284681,2.5946238575650797,0.21579292314145454,0.02200521523675571,1.1085848293849059,-1.5707228425835946,0.0,-1.5707418843165202
3.3755859256264067,-9.067370621502658,7.858875953351852,-1.0661554548318877,1.0079555182288442,2.8775300972029396,8.074893898403708,-3.3529875954701587,10.175978558650339,0.7294426089964583,0.13972698982284681,2.5946238575650797,0.21579292314145454,0.02200521523675571,1.1085848293849059,-1.5707228425835946,0.0,-1.5707418843165202
3.3755859256264067,-9.067370621502658,7.858875953351852,-1.0661554548318877,1.0079555182288442,2.8775300972029396,8.074893898403708,-3.3529875954701587,10.175978558650339,0.7294426089964583,0.13972698982284681,2.5946238575650797,0.21579292314145454,0.02200521523675571,1.1085848293849059,-1.5707228425835946,0.0,-1.5707418843165202
3.3755859256264067,-9.067370621502658,7.858875953351852,-1.0661554548318877,1.0079555182288442,2.8775300972029396,8.074893898403708,-3.3529875954701587,10.175978558650339,0.7294426089964583,0.13972698982284681,2.5946238575650797,0.21579292314145454,0.02200521523675571,1.1085848293849059,-1.5707228425835946,0.0,-1.5707418843165202
