image_file,time,tag_id,tag_tx,tag_ty,tag_tz,tag_rx,tag_ry,tag_rz,gripper_tx,gripper_ty,gripper_tz,gripper_rx,gripper_ry,gripper_rz
image_0022.jpg,2883136000000,11,-0.0007233139020773622,-0.0016883495658003506,2.0067243107843953,3.080155142936644,0.06089783420421924,0.0034900045716230064,-0.0,-2.0,0.0,3.1415927410125732,3.1415927410125732,-3.1415927410125732
image_0023.jpg,2883350000000,11,-0.0007233139020773622,-0.0016883495658003506,2.0067243107843953,3.080155142936644,0.06089783420421924,0.0034900045716230064,-0.0,-2.0,0.0,2.5535900592803955,2.5535900592803955,-2.5535900592803955
image_0024.jpg,2883399000000,11,-0.0007233139020773622,-0.0016883495658003506,2.0067243107843953,3.080155142936644,0.06089783420421924,0.0034900045716230064,-0.0,-2.0,0.0,2.5535900592803955,2.5535900592803955,-2.5535900592803955
image_0025.jpg,2883444000000,11,-0.0007233139020773622,-0.0016883495658003506,2.0067243107843953,3.080155142936644,0.06089783420421924,0.0034900045716230064,-0.0,-2.0,0.0,2.5535900592803955,2.5535900592803955,-2.5535900592803955
image_0026.jpg,2883507000000,11,-0.0007233139020773622,-0.0016883495658003506,2.0067243107843953,3.080155142936644,0.06089783420421924,0.0034900045716230064,-0.0,-2.0,0.0,2.5535900592803955,2.5535900592803955,-2.5535900592803955
image_0027.jpg,2883561000000,11,-0.0007233139020773622,-0.0016883495658003506,2.0067243107843953,3.080155142936644,0.06089783420421924,0.0034900045716230064,-0.0,-2.0,0.0,2.5535900592803955,2.5535900592803955,-2.5535900592803955
image_0028.jpg,2883638000000,11,-0.0007233139020773622,-0.0016883495658003506,2.0067243107843953,3.080155142936644,0.06089783420421924,0.0034900045716230064,-0.0,-2.0,0.0,2.5535900592803955,2.5535900592803955,-2.5535900592803955
image_0029.jpg,2883672000000,11,-0.0007233139020773622,-0.0016883495658003506,2.0067243107843953,3.080155142936644,0.06089783420421924,0.0034900045716230064,-0.0,-2.0,0.0,2.5535900592803955,2.5535900592803955,-2.5535900592803955
image_0030.jpg,2883733000000,11,-0.0007233139020773622,-0.0016883495658003506,2.0067243107843953,3.080155142936644,0.06089783420421924,0.0034900045716230064,-0.0,-2.0,0.0,2.5535900592803955,2.5535900592803955,-2.5535900592803955
image_0050.jpg,2885251000000,11,-0.002271440588711049,0.001525005449634442,2.002251480998255,-2.610558252312269,0.5302791318053797,0.00045653034399646057,-0.0,-2.0,0.0,2.5535900592803955,2.5535900592803955,-2.5535900592803955
image_0051.jpg,2885443000000,11,-0.002271440588711049,0.001525005449634442,2.002251480998255,-2.610558252312269,0.5302791318053797,0.00045653034399646057,-0.0,-2.0,0.0,-3.1415927410125732,-3.1415927410125732,3.1415927410125732
image_0052.jpg,2885512000000,11,-0.002271440588711049,0.001525005449634442,2.002251480998255,-2.610558252312269,0.5302791318053797,0.00045653034399646057,-0.0,-2.0,0.0,-3.1415927410125732,-3.1415927410125732,3.1415927410125732
image_0053.jpg,2885559000000,11,-0.002271440588711049,0.001525005449634442,2.002251480998255,-2.610558252312269,0.5302791318053797,0.00045653034399646057,-0.0,-2.0,0.0,-3.1415927410125732,-3.1415927410125732,3.1415927410125732
image_0054.jpg,2885587000000,11,-0.002271440588711049,0.001525005449634442,2.002251480998255,-2.610558252312269,0.5302791318053797,0.00045653034399646057,-0.0,-2.0,0.0,-3.1415927410125732,-3.1415927410125732,3.1415927410125732
image_0055.jpg,2885656000000,11,-0.002271440588711049,0.001525005449634442,2.002251480998255,-2.610558252312269,0.5302791318053797,0.00045653034399646057,-0.0,-2.0,0.0,-3.1415927410125732,-3.1415927410125732,3.1415927410125732
image_0056.jpg,2885761000000,11,-0.002271440588711049,0.001525005449634442,2.002251480998255,-2.610558252312269,0.5302791318053797,0.00045653034399646057,-0.0,-2.0,0.0,-3.1415927410125732,-3.1415927410125732,3.1415927410125732
image_0057.jpg,2885806000000,11,-0.002271440588711049,0.001525005449634442,2.002251480998255,-2.610558252312269,0.5302791318053797,0.00045653034399646057,-0.0,-2.0,0.0,-3.1415927410125732,-3.1415927410125732,3.1415927410125732
image_0058.jpg,2886003000000,11,-0.002271440588711049,0.001525005449634442,2.002251480998255,-2.610558252312269,0.5302791318053797,0.00045653034399646057,-0.0,-2.0,0.0,-3.1415927410125732,-3.1415927410125732,3.1415927410125732
image_0065.jpg,2886931000000,11,-0.002881307192972108,0.0018793144524063164,2.029856637842296,-2.371497227100651,0.010628222347499827,0.7854034418307502,-0.0,-2.0,0.0,-3.1415927410125732,-3.1415927410125732,3.1415927410125732
image_0066.jpg,2886997000000,11,-0.002881307192972108,0.0018793144524063164,2.029856637842296,-2.371497227100651,0.010628222347499827,0.7854034418307502,-0.0,-2.0,0.0,-3.1415927410125732,-3.1415927410125732,3.1415927410125732
image_0067.jpg,2887091000000,11,-0.002881307192972108,0.0018793144524063164,2.029856637842296,-2.371497227100651,0.010628222347499827,0.7854034418307502,-0.0,-2.0,0.0,-3.1415927410125732,-3.1415927410125732,3.1415927410125732
image_0068.jpg,2887222000000,11,-0.002881307192972108,0.0018793144524063164,2.029856637842296,-2.371497227100651,0.010628222347499827,0.7854034418307502,-0.0,-2.0,0.0,-3.1415927410125732,-3.1415927410125732,3.1415927410125732
image_0069.jpg,2887424000000,11,-0.002881307192972108,0.0018793144524063164,2.029856637842296,-2.371497227100651,0.010628222347499827,0.7854034418307502,-0.0,-2.0,0.0,-3.1415927410125732,-3.1415927410125732,3.1415927410125732
image_0070.jpg,2887580000000,11,-0.002881307192972108,0.0018793144524063164,2.029856637842296,-2.371497227100651,0.010628222347499827,0.7854034418307502,-0.0,-2.0,0.0,-3.1415927410125732,-3.1415927410125732,3.1415927410125732
image_0071.jpg,2887663000000,11,-0.002881307192972108,0.0018793144524063164,2.029856637842296,-2.371497227100651,0.010628222347499827,0.7854034418307502,-0.0,-2.0,0.0,2.6179938316345215,2.6179938316345215,-2.6179938316345215
image_0072.jpg,2887857000000,11,-0.002881307192972108,0.0018793144524063164,2.029856637842296,-2.371497227100651,0.010628222347499827,0.7854034418307502,-0.0,-2.0,0.0,2.6179938316345215,2.6179938316345215,-2.6179938316345215
image_0073.jpg,2887969000000,11,-0.002881307192972108,0.0018793144524063164,2.029856637842296,-2.371497227100651,0.010628222347499827,0.7854034418307502,-0.0,-2.0,0.0,2.6179938316345215,2.6179938316345215,-2.6179938316345215
image_0074.jpg,2888115000000,11,-0.002881307192972108,0.0018793144524063164,2.029856637842296,-2.371497227100651,0.010628222347499827,0.7854034418307502,-0.0,-2.0,0.0,2.6179938316345215,2.6179938316345215,-2.6179938316345215
image_0075.jpg,2888179000000,11,-0.002881307192972108,0.0018793144524063164,2.029856637842296,-2.371497227100651,0.010628222347499827,0.7854034418307502,-0.0,-2.0,0.0,2.6179938316345215,2.6179938316345215,-2.6179938316345215
image_0076.jpg,2888179000000,11,-0.002881307192972108,0.0018793144524063164,2.029856637842296,-2.371497227100651,0.010628222347499827,0.7854034418307502,-0.0,-2.0,0.0,2.6179938316345215,2.6179938316345215,-2.6179938316345215
image_0077.jpg,2888179000000,11,-0.002881307192972108,0.0018793144524063164,2.029856637842296,-2.371497227100651,0.010628222347499827,0.7854034418307502,-0.0,-2.0,0.0,2.6179938316345215,2.6179938316345215,-2.6179938316345215
image_0078.jpg,2888179000000,11,-0.002881307192972108,0.0018793144524063164,2.029856637842296,-2.371497227100651,0.010628222347499827,0.7854034418307502,-0.0,-2.0,0.0,2.6179938316345215,2.6179938316345215,-2.6179938316345215
image_0091.jpg,2889549000000,11,-0.002479488872735148,-0.0018177734618012495,2.008017040734548,-3.1336659255666346,0.5221771659394947,0.5297987822963941,-0.0,-2.0,0.0,2.6179938316345215,2.6179938316345215,-2.6179938316345215
image_0092.jpg,2889607000000,11,-0.002479488872735148,-0.0018177734618012495,2.008017040734548,-3.1336659255666346,0.5221771659394947,0.5297987822963941,-0.0,-2.0,0.0,2.6179938316345215,2.6179938316345215,-2.6179938316345215
image_0093.jpg,2889833000000,11,-0.002479488872735148,-0.0018177734618012495,2.008017040734548,-3.1336659255666346,0.5221771659394947,0.5297987822963941,-0.0,-2.0,0.0,2.6179938316345215,2.6179938316345215,-2.6179938316345215
image_0094.jpg,2889962000000,11,-0.002479488872735148,-0.0018177734618012495,2.008017040734548,-3.1336659255666346,0.5221771659394947,0.5297987822963941,-0.0,-2.0,0.0,2.1862759590148926,2.1862759590148926,-2.1862759590148926
image_0095.jpg,2890013000000,11,-0.002479488872735148,-0.0018177734618012495,2.008017040734548,-3.1336659255666346,0.5221771659394947,0.5297987822963941,-0.0,-2.0,0.0,2.1862759590148926,2.1862759590148926,-2.1862759590148926
image_0096.jpg,2890088000000,11,-0.002479488872735148,-0.0018177734618012495,2.008017040734548,-3.1336659255666346,0.5221771659394947,0.5297987822963941,-0.0,-2.0,0.0,2.1862759590148926,2.1862759590148926,-2.1862759590148926
image_0097.jpg,2890150000000,11,-0.002479488872735148,-0.0018177734618012495,2.008017040734548,-3.1336659255666346,0.5221771659394947,0.5297987822963941,-0.0,-2.0,0.0,2.1862759590148926,2.1862759590148926,-2.1862759590148926
image_0098.jpg,2890264000000,11,-0.002479488872735148,-0.0018177734618012495,2.008017040734548,-3.1336659255666346,0.5221771659394947,0.5297987822963941,-0.0,-2.0,0.0,2.1862759590148926,2.1862759590148926,-2.1862759590148926
image_0099.jpg,2890392000000,11,-0.002479488872735148,-0.0018177734618012495,2.008017040734548,-3.1336659255666346,0.5221771659394947,0.5297987822963941,-0.0,-2.0,0.0,2.1862759590148926,2.1862759590148926,-2.1862759590148926
image_0100.jpg,2890454000000,11,-0.002479488872735148,-0.0018177734618012495,2.008017040734548,-3.1336659255666346,0.5221771659394947,0.5297987822963941,-0.0,-2.0,0.0,2.1862759590148926,2.1862759590148926,-2.1862759590148926
image_0101.jpg,2890454000000,11,-0.002479488872735148,-0.0018177734618012495,2.008017040734548,-3.1336659255666346,0.5221771659394947,0.5297987822963941,-0.0,-2.0,0.0,2.1862759590148926,2.1862759590148926,-2.1862759590148926
image_0117.jpg,2892521000000,11,-0.0029246406213859935,-0.0043089899575824405,2.009724146817832,2.3544860291215928,0.7865642886508848,0.0007178177455920656,-0.0,-2.0,0.0,2.1862759590148926,2.1862759590148926,-2.1862759590148926
image_0118.jpg,2892740000000,11,-0.0029246406213859935,-0.0043089899575824405,2.009724146817832,2.3544860291215928,0.7865642886508848,0.0007178177455920656,-0.0,-2.0,0.0,2.1862759590148926,2.1862759590148926,-2.1862759590148926
image_0119.jpg,2893097000000,11,-0.0029246406213859935,-0.0043089899575824405,2.009724146817832,2.3544860291215928,0.7865642886508848,0.0007178177455920656,-0.0,-2.0,0.0,-2.6179938316345215,-2.6179938316345215,2.6179938316345215
image_0120.jpg,2893203000000,11,-0.0029246406213859935,-0.0043089899575824405,2.009724146817832,2.3544860291215928,0.7865642886508848,0.0007178177455920656,-0.0,-2.0,0.0,-2.6179938316345215,-2.6179938316345215,2.6179938316345215
image_0121.jpg,2893279000000,11,-0.0029246406213859935,-0.0043089899575824405,2.009724146817832,2.3544860291215928,0.7865642886508848,0.0007178177455920656,-0.0,-2.0,0.0,-2.6179938316345215,-2.6179938316345215,2.6179938316345215
image_0122.jpg,2893362000000,11,-0.0029246406213859935,-0.0043089899575824405,2.009724146817832,2.3544860291215928,0.7865642886508848,0.0007178177455920656,-0.0,-2.0,0.0,-2.6179938316345215,-2.6179938316345215,2.6179938316345215
image_0123.jpg,2893472000000,11,-0.0029246406213859935,-0.0043089899575824405,2.009724146817832,2.3544860291215928,0.7865642886508848,0.0007178177455920656,-0.0,-2.0,0.0,-2.6179938316345215,-2.6179938316345215,2.6179938316345215
image_0124.jpg,2893515000000,11,-0.0029246406213859935,-0.0043089899575824405,2.009724146817832,2.3544860291215928,0.7865642886508848,0.0007178177455920656,-0.0,-2.0,0.0,-2.6179938316345215,-2.6179938316345215,2.6179938316345215
image_0125.jpg,2893515000000,11,-0.0029246406213859935,-0.0043089899575824405,2.009724146817832,2.3544860291215928,0.7865642886508848,0.0007178177455920656,-0.0,-2.0,0.0,-2.6179938316345215,-2.6179938316345215,2.6179938316345215
image_0126.jpg,2893515000000,11,-0.0029246406213859935,-0.0043089899575824405,2.009724146817832,2.3544860291215928,0.7865642886508848,0.0007178177455920656,-0.0,-2.0,0.0,-2.6179938316345215,-2.6179938316345215,2.6179938316345215
image_0138.jpg,2895440000000,11,0.0007496850860042734,0.0007598707942397935,2.014970110720141,3.1392710192443714,-0.5278921907498895,0.7941517154042677,-0.0,-2.0,0.0,1.8518311977386475,1.8518311977386475,-1.8518311977386475
image_0139.jpg,2895524000000,11,0.0007496850860042734,0.0007598707942397935,2.014970110720141,3.1392710192443714,-0.5278921907498895,0.7941517154042677,-0.0,-2.0,0.0,1.8518311977386475,1.8518311977386475,-1.8518311977386475
image_0140.jpg,2895562000000,11,0.0007496850860042734,0.0007598707942397935,2.014970110720141,3.1392710192443714,-0.5278921907498895,0.7941517154042677,-0.0,-2.0,0.0,1.8518311977386475,1.8518311977386475,-1.8518311977386475
image_0141.jpg,2895765000000,11,0.0007496850860042734,0.0007598707942397935,2.014970110720141,3.1392710192443714,-0.5278921907498895,0.7941517154042677,-0.0,-2.0,0.0,1.8518311977386475,1.8518311977386475,-1.8518311977386475
image_0142.jpg,2896005000000,11,0.0007496850860042734,0.0007598707942397935,2.014970110720141,3.1392710192443714,-0.5278921907498895,0.7941517154042677,-0.0,-2.0,0.0,1.8518311977386475,1.8518311977386475,-1.8518311977386475
image_0143.jpg,2896005000000,11,0.0007496850860042734,0.0007598707942397935,2.014970110720141,3.1392710192443714,-0.5278921907498895,0.7941517154042677,-0.0,-2.0,0.0,1.8518311977386475,1.8518311977386475,-1.8518311977386475
image_0157.jpg,2897555000000,11,-0.005335915043267094,-0.001385852495050465,2.0233773048225947,-2.098439078124653,1.0405481481261454,1.0432273196221453,-0.0,-2.0,0.0,1.8518311977386475,1.8518311977386475,-1.8518311977386475
image_0158.jpg,2897677000000,11,-0.005335915043267094,-0.001385852495050465,2.0233773048225947,-2.098439078124653,1.0405481481261454,1.0432273196221453,-0.0,-2.0,0.0,1.8518311977386475,1.8518311977386475,-1.8518311977386475
image_0159.jpg,2897795000000,11,-0.005335915043267094,-0.001385852495050465,2.0233773048225947,-2.098439078124653,1.0405481481261454,1.0432273196221453,-0.0,-2.0,0.0,1.8518311977386475,1.8518311977386475,-1.8518311977386475
image_0160.jpg,2897843000000,11,-0.005335915043267094,-0.001385852495050465,2.0233773048225947,-2.098439078124653,1.0405481481261454,1.0432273196221453,-0.0,-2.0,0.0,-2.1862759590148926,-2.1862759590148926,2.1862759590148926
image_0161.jpg,2897959000000,11,-0.005335915043267094,-0.001385852495050465,2.0233773048225947,-2.098439078124653,1.0405481481261454,1.0432273196221453,-0.0,-2.0,0.0,-2.1862759590148926,-2.1862759590148926,2.1862759590148926
image_0162.jpg,2898001000000,11,-0.005335915043267094,-0.001385852495050465,2.0233773048225947,-2.098439078124653,1.0405481481261454,1.0432273196221453,-0.0,-2.0,0.0,-2.1862759590148926,-2.1862759590148926,2.1862759590148926
image_0163.jpg,2898034000000,11,-0.005335915043267094,-0.001385852495050465,2.0233773048225947,-2.098439078124653,1.0405481481261454,1.0432273196221453,-0.0,-2.0,0.0,-2.1862759590148926,-2.1862759590148926,2.1862759590148926
image_0164.jpg,2898095000000,11,-0.005335915043267094,-0.001385852495050465,2.0233773048225947,-2.098439078124653,1.0405481481261454,1.0432273196221453,-0.0,-2.0,0.0,-2.1862759590148926,-2.1862759590148926,2.1862759590148926
image_0165.jpg,2898270000000,11,-0.005335915043267094,-0.001385852495050465,2.0233773048225947,-2.098439078124653,1.0405481481261454,1.0432273196221453,-0.0,-2.0,0.0,-2.1862759590148926,-2.1862759590148926,2.1862759590148926
image_0166.jpg,2898270000000,11,-0.005335915043267094,-0.001385852495050465,2.0233773048225947,-2.098439078124653,1.0405481481261454,1.0432273196221453,-0.0,-2.0,0.0,-2.1862759590148926,-2.1862759590148926,2.1862759590148926
image_0179.jpg,2899126000000,11,-0.0007635032930923916,-0.005576882345422243,2.0212219240392035,2.35925977861538,-0.7906209627700309,-0.7810437995838874,-0.0,-2.0,0.0,-2.1862759590148926,-2.1862759590148926,2.1862759590148926
image_0180.jpg,2899283000000,11,-0.0007804141942438358,-0.00605562975192115,2.0185111742642614,2.3567250284602284,-0.7862051857491185,-0.7865858232555484,-0.0,-2.0,0.0,-2.1862759590148926,-2.1862759590148926,2.1862759590148926
image_0181.jpg,2899380000000,11,-0.0007804141942438358,-0.00605562975192115,2.0185111742642614,2.3567250284602284,-0.7862051857491185,-0.7865858232555484,-0.0,-2.0,0.0,-2.1862759590148926,-2.1862759590148926,2.1862759590148926
image_0182.jpg,2899506000000,11,-0.0007804141942438358,-0.00605562975192115,2.0185111742642614,2.3567250284602284,-0.7862051857491185,-0.7865858232555484,-0.0,-2.0,0.0,-2.1862759590148926,-2.1862759590148926,2.1862759590148926
image_0183.jpg,2899647000000,11,-0.0007804141942438358,-0.00605562975192115,2.0185111742642614,2.3567250284602284,-0.7862051857491185,-0.7865858232555484,-0.0,-2.0,0.0,-2.1862759590148926,-2.1862759590148926,2.1862759590148926
image_0184.jpg,2899966000000,11,-0.0007804141942438358,-0.00605562975192115,2.0185111742642614,2.3567250284602284,-0.7862051857491185,-0.7865858232555484,-0.0,-2.0,0.0,-2.1862759590148926,-2.1862759590148926,2.1862759590148926
image_0185.jpg,2900002000000,11,-0.0007804141942438358,-0.00605562975192115,2.0185111742642614,2.3567250284602284,-0.7862051857491185,-0.7865858232555484,-0.0,-2.0,0.0,2.5535900592803955,2.5535900592803955,-2.5535900592803955
image_0186.jpg,2900072000000,11,-0.0007804141942438358,-0.00605562975192115,2.0185111742642614,2.3567250284602284,-0.7862051857491185,-0.7865858232555484,-0.0,-2.0,0.0,2.5535900592803955,2.5535900592803955,-2.5535900592803955
image_0187.jpg,2900139000000,11,-0.0007804141942438358,-0.00605562975192115,2.0185111742642614,2.3567250284602284,-0.7862051857491185,-0.7865858232555484,-0.0,-2.0,0.0,2.5535900592803955,2.5535900592803955,-2.5535900592803955
image_0188.jpg,2900240000000,11,-0.0007804141942438358,-0.00605562975192115,2.0185111742642614,2.3567250284602284,-0.7862051857491185,-0.7865858232555484,-0.0,-2.0,0.0,2.5535900592803955,2.5535900592803955,-2.5535900592803955
image_0189.jpg,2900474000000,11,-0.0007804141942438358,-0.00605562975192115,2.0185111742642614,2.3567250284602284,-0.7862051857491185,-0.7865858232555484,-0.0,-2.0,0.0,2.5535900592803955,2.5535900592803955,-2.5535900592803955
image_0190.jpg,2900535000000,11,-0.0007804141942438358,-0.00605562975192115,2.0185111742642614,2.3567250284602284,-0.7862051857491185,-0.7865858232555484,-0.0,-2.0,0.0,2.5535900592803955,2.5535900592803955,-2.5535900592803955
image_0191.jpg,2900535000000,11,-0.0007804141942438358,-0.00605562975192115,2.0185111742642614,2.3567250284602284,-0.7862051857491185,-0.7865858232555484,-0.0,-2.0,0.0,2.5535900592803955,2.5535900592803955,-2.5535900592803955
image_0209.jpg,2901540000000,11,-0.0033243255266490156,0.00021466117973729568,2.0019382659651286,-2.602091080484944,0.5127151871231272,0.5322565079093636,-0.0,-2.0,0.0,2.5535900592803955,2.5535900592803955,-2.5535900592803955
image_0210.jpg,2901615000000,11,-0.0033243255266490156,0.00021466117973729568,2.0019382659651286,-2.602091080484944,0.5127151871231272,0.5322565079093636,-0.0,-2.0,0.0,2.5535900592803955,2.5535900592803955,-2.5535900592803955
image_0211.jpg,2901741000000,11,-0.0033243255266490156,0.00021466117973729568,2.0019382659651286,-2.602091080484944,0.5127151871231272,0.5322565079093636,-0.0,-2.0,0.0,2.5535900592803955,2.5535900592803955,-2.5535900592803955
image_0212.jpg,2901991000000,11,-0.0033243255266490156,0.00021466117973729568,2.0019382659651286,-2.602091080484944,0.5127151871231272,0.5322565079093636,-0.0,-2.0,0.0,2.5535900592803955,2.5535900592803955,-2.5535900592803955
image_0213.jpg,2902189000000,11,-0.0033243255266490156,0.00021466117973729568,2.0019382659651286,-2.602091080484944,0.5127151871231272,0.5322565079093636,-0.0,-2.0,0.0,2.5535900592803955,2.5535900592803955,-2.5535900592803955
image_0214.jpg,2902303000000,11,-0.0033243255266490156,0.00021466117973729568,2.0019382659651286,-2.602091080484944,0.5127151871231272,0.5322565079093636,-0.0,-2.0,0.0,2.5535900592803955,2.5535900592803955,-2.5535900592803955
image_0215.jpg,2902480000000,11,-0.0033243255266490156,0.00021466117973729568,2.0019382659651286,-2.602091080484944,0.5127151871231272,0.5322565079093636,-0.0,-2.0,0.0,2.2845206260681152,2.2845206260681152,-2.2845206260681152
image_0216.jpg,2902528000000,11,-0.0033243255266490156,0.00021466117973729568,2.0019382659651286,-2.602091080484944,0.5127151871231272,0.5322565079093636,-0.0,-2.0,0.0,2.2845206260681152,2.2845206260681152,-2.2845206260681152
image_0217.jpg,2902570000000,11,-0.0033243255266490156,0.00021466117973729568,2.0019382659651286,-2.602091080484944,0.5127151871231272,0.5322565079093636,-0.0,-2.0,0.0,2.2845206260681152,2.2845206260681152,-2.2845206260681152
image_0218.jpg,2902691000000,11,-0.0033243255266490156,0.00021466117973729568,2.0019382659651286,-2.602091080484944,0.5127151871231272,0.5322565079093636,-0.0,-2.0,0.0,2.2845206260681152,2.2845206260681152,-2.2845206260681152
image_0219.jpg,2902837000000,11,-0.0033243255266490156,0.00021466117973729568,2.0019382659651286,-2.602091080484944,0.5127151871231272,0.5322565079093636,-0.0,-2.0,0.0,2.2845206260681152,2.2845206260681152,-2.2845206260681152
image_0220.jpg,2902872000000,11,-0.0033243255266490156,0.00021466117973729568,2.0019382659651286,-2.602091080484944,0.5127151871231272,0.5322565079093636,-0.0,-2.0,0.0,2.2845206260681152,2.2845206260681152,-2.2845206260681152
image_0221.jpg,2902930000000,11,-0.0033243255266490156,0.00021466117973729568,2.0019382659651286,-2.602091080484944,0.5127151871231272,0.5322565079093636,-0.0,-2.0,0.0,2.2845206260681152,2.2845206260681152,-2.2845206260681152
image_0222.jpg,2903248000000,11,-0.0033243255266490156,0.00021466117973729568,2.0019382659651286,-2.602091080484944,0.5127151871231272,0.5322565079093636,-0.0,-2.0,0.0,2.2845206260681152,2.2845206260681152,-2.2845206260681152
image_0229.jpg,2905071000000,11,-0.0011607901574869053,-0.004809794310582629,2.019863907095945,2.131265271600918,0.5465817099153747,0.8080204586822132,-0.0,-2.0,0.0,-2.4568734169006348,-2.4568734169006348,2.4568734169006348
image_0230.jpg,2905114000000,11,0.001713520078523179,-0.005223409621677036,2.011255400332959,2.0947472446918844,0.5303756945815463,0.7858399180856435,-0.0,-2.0,0.0,-2.4568734169006348,-2.4568734169006348,2.4568734169006348
image_0231.jpg,2905223000000,11,0.001713520078523179,-0.005223409621677036,2.011255400332959,2.0947472446918844,0.5303756945815463,0.7858399180856435,-0.0,-2.0,0.0,-2.4568734169006348,-2.4568734169006348,2.4568734169006348
image_0232.jpg,2905315000000,11,0.001713520078523179,-0.005223409621677036,2.011255400332959,2.0947472446918844,0.5303756945815463,0.7858399180856435,-0.0,-2.0,0.0,-2.4568734169006348,-2.4568734169006348,2.4568734169006348
image_0233.jpg,2905443000000,11,0.001713520078523179,-0.005223409621677036,2.011255400332959,2.0947472446918844,0.5303756945815463,0.7858399180856435,-0.0,-2.0,0.0,-2.4568734169006348,-2.4568734169006348,2.4568734169006348
image_0234.jpg,2905523000000,11,0.002209235684232248,-0.005241830026528149,2.024626988964033,2.096894921327749,0.5272863047326553,0.7904580804682847,-0.0,-2.0,0.0,-2.4568734169006348,-2.4568734169006348,2.4568734169006348
image_0235.jpg,2905523000000,11,0.002209235684232248,-0.005241830026528149,2.024626988964033,2.096894921327749,0.5272863047326553,0.7904580804682847,-0.0,-2.0,0.0,-2.4568734169006348,-2.4568734169006348,2.4568734169006348
image_0236.jpg,2905523000000,11,0.002209235684232248,-0.005241830026528149,2.024626988964033,2.096894921327749,0.5272863047326553,0.7904580804682847,-0.0,-2.0,0.0,-2.4568734169006348,-2.4568734169006348,2.4568734169006348
image_0254.jpg,2907232000000,11,-0.0015536635656874602,0.0028191442785743047,2.003063881306814,-2.3577007927543723,-0.5384118841199295,0.7852768229633899,-0.0,-2.0,0.0,-2.4568734169006348,-2.4568734169006348,2.4568734169006348
image_0255.jpg,2907384000000,11,-0.0015536635656874602,0.0028191442785743047,2.003063881306814,-2.3577007927543723,-0.5384118841199295,0.7852768229633899,-0.0,-2.0,0.0,-2.4568734169006348,-2.4568734169006348,2.4568734169006348
image_0256.jpg,2907606000000,11,-0.0015536635656874602,0.0028191442785743047,2.003063881306814,-2.3577007927543723,-0.5384118841199295,0.7852768229633899,-0.0,-2.0,0.0,-2.4568734169006348,-2.4568734169006348,2.4568734169006348
image_0257.jpg,2907761000000,11,-0.0015536635656874602,0.0028191442785743047,2.003063881306814,-2.3577007927543723,-0.5384118841199295,0.7852768229633899,-0.0,-2.0,0.0,-2.4568734169006348,-2.4568734169006348,2.4568734169006348
image_0258.jpg,2907823000000,11,-0.0015536635656874602,0.0028191442785743047,2.003063881306814,-2.3577007927543723,-0.5384118841199295,0.7852768229633899,-0.0,-2.0,0.0,2.5535900592803955,2.5535900592803955,-2.5535900592803955
image_0259.jpg,2907893000000,11,-0.0015536635656874602,0.0028191442785743047,2.003063881306814,-2.3577007927543723,-0.5384118841199295,0.7852768229633899,-0.0,-2.0,0.0,2.5535900592803955,2.5535900592803955,-2.5535900592803955
image_0260.jpg,2907997000000,11,-0.0015536635656874602,0.0028191442785743047,2.003063881306814,-2.3577007927543723,-0.5384118841199295,0.7852768229633899,-0.0,-2.0,0.0,2.5535900592803955,2.5535900592803955,-2.5535900592803955
image_0261.jpg,2908170000000,11,-0.0015536635656874602,0.0028191442785743047,2.003063881306814,-2.3577007927543723,-0.5384118841199295,0.7852768229633899,-0.0,-2.0,0.0,2.5535900592803955,2.5535900592803955,-2.5535900592803955
image_0262.jpg,2908227000000,11,-0.0015536635656874602,0.0028191442785743047,2.003063881306814,-2.3577007927543723,-0.5384118841199295,0.7852768229633899,-0.0,-2.0,0.0,2.5535900592803955,2.5535900592803955,-2.5535900592803955
image_0263.jpg,2908304000000,11,-0.0015536635656874602,0.0028191442785743047,2.003063881306814,-2.3577007927543723,-0.5384118841199295,0.7852768229633899,-0.0,-2.0,0.0,2.5535900592803955,2.5535900592803955,-2.5535900592803955
image_0264.jpg,2908348000000,11,-0.0015536635656874602,0.0028191442785743047,2.003063881306814,-2.3577007927543723,-0.5384118841199295,0.7852768229633899,-0.0,-2.0,0.0,2.5535900592803955,2.5535900592803955,-2.5535900592803955
image_0274.jpg,2911172000000,11,0.0006768356563779629,-0.0042873742278753965,2.0087632761010985,2.6154176248067067,0.523020965024005,1.0547354926284025,-0.0,-2.0,0.0,1.9583929777145386,1.9583929777145386,-1.9583929777145386
image_0275.jpg,2911209000000,11,0.0006768356563779629,-0.0042873742278753965,2.0087632761010985,2.6154176248067067,0.523020965024005,1.0547354926284025,-0.0,-2.0,0.0,1.9583929777145386,1.9583929777145386,-1.9583929777145386
image_0276.jpg,2911209000000,11,0.0006768356563779629,-0.0042873742278753965,2.0087632761010985,2.6154176248067067,0.523020965024005,1.0547354926284025,-0.0,-2.0,0.0,1.9583929777145386,1.9583929777145386,-1.9583929777145386
image_0289.jpg,2913894000000,11,9.253451263830223e-05,0.0037281621432117924,2.018024561225212,-2.352829246867978,1.0494341067237478,-0.7784237722230998,-0.0,-2.0,0.0,2.1862759590148926,2.1862759590148926,-2.1862759590148926
image_0290.jpg,2913934000000,11,9.253451263830223e-05,0.0037281621432117924,2.018024561225212,-2.352829246867978,1.0494341067237478,-0.7784237722230998,-0.0,-2.0,0.0,2.1862759590148926,2.1862759590148926,-2.1862759590148926
image_0291.jpg,2914017000000,11,9.253451263830223e-05,0.0037281621432117924,2.018024561225212,-2.352829246867978,1.0494341067237478,-0.7784237722230998,-0.0,-2.0,0.0,2.1862759590148926,2.1862759590148926,-2.1862759590148926
image_0292.jpg,2914071000000,11,9.253451263830223e-05,0.0037281621432117924,2.018024561225212,-2.352829246867978,1.0494341067237478,-0.7784237722230998,-0.0,-2.0,0.0,2.1862759590148926,2.1862759590148926,-2.1862759590148926
image_0293.jpg,2914169000000,11,9.253451263830223e-05,0.0037281621432117924,2.018024561225212,-2.352829246867978,1.0494341067237478,-0.7784237722230998,-0.0,-2.0,0.0,2.1862759590148926,2.1862759590148926,-2.1862759590148926
image_0294.jpg,2914210000000,11,9.253451263830223e-05,0.0037281621432117924,2.018024561225212,-2.352829246867978,1.0494341067237478,-0.7784237722230998,-0.0,-2.0,0.0,2.1862759590148926,2.1862759590148926,-2.1862759590148926
image_0295.jpg,2914254000000,11,9.253451263830223e-05,0.0037281621432117924,2.018024561225212,-2.352829246867978,1.0494341067237478,-0.7784237722230998,-0.0,-2.0,0.0,2.1862759590148926,2.1862759590148926,-2.1862759590148926
image_0312.jpg,2916028000000,11,0.0028795719023585417,-0.004394215300348818,2.0302460606518937,2.362182082133151,0.7838010843003334,1.578565818686677,-0.0,-2.0,0.0,2.1862759590148926,2.1862759590148926,-2.1862759590148926
image_0313.jpg,2916114000000,11,0.0028795719023585417,-0.004394215300348818,2.0302460606518937,2.362182082133151,0.7838010843003334,1.578565818686677,-0.0,-2.0,0.0,-2.2845206260681152,-2.2845206260681152,2.2845206260681152
image_0314.jpg,2916196000000,11,0.0028795719023585417,-0.004394215300348818,2.0302460606518937,2.362182082133151,0.7838010843003334,1.578565818686677,-0.0,-2.0,0.0,-2.2845206260681152,-2.2845206260681152,2.2845206260681152
image_0315.jpg,2916343000000,11,0.0028795719023585417,-0.004394215300348818,2.0302460606518937,2.362182082133151,0.7838010843003334,1.578565818686677,-0.0,-2.0,0.0,-2.2845206260681152,-2.2845206260681152,2.2845206260681152
image_0316.jpg,2916380000000,11,0.0028795719023585417,-0.004394215300348818,2.0302460606518937,2.362182082133151,0.7838010843003334,1.578565818686677,-0.0,-2.0,0.0,-2.2845206260681152,-2.2845206260681152,2.2845206260681152
image_0317.jpg,2916439000000,11,0.0028795719023585417,-0.004394215300348818,2.0302460606518937,2.362182082133151,0.7838010843003334,1.578565818686677,-0.0,-2.0,0.0,-2.2845206260681152,-2.2845206260681152,2.2845206260681152
image_0318.jpg,2916549000000,11,0.0028795719023585417,-0.004394215300348818,2.0302460606518937,2.362182082133151,0.7838010843003334,1.578565818686677,-0.0,-2.0,0.0,-2.2845206260681152,-2.2845206260681152,2.2845206260681152
image_0319.jpg,2916586000000,11,0.0028795719023585417,-0.004394215300348818,2.0302460606518937,2.362182082133151,0.7838010843003334,1.578565818686677,-0.0,-2.0,0.0,-2.2845206260681152,-2.2845206260681152,2.2845206260681152
image_0327.jpg,2918360000000,11,-0.0012628526904449968,0.0028884093253458212,2.0067277185112324,-2.620055245877107,-0.7908647664010132,1.0461009558942522,-0.0,-2.0,0.0,-2.2845206260681152,-2.2845206260681152,2.2845206260681152
image_0328.jpg,2918465000000,11,-0.0012628526904449968,0.0028884093253458212,2.0067277185112324,-2.620055245877107,-0.7908647664010132,1.0461009558942522,-0.0,-2.0,0.0,-2.2845206260681152,-2.2845206260681152,2.2845206260681152
image_0329.jpg,2918585000000,11,-0.0012628526904449968,0.0028884093253458212,2.0067277185112324,-2.620055245877107,-0.7908647664010132,1.0461009558942522,-0.0,-2.0,0.0,-2.2845206260681152,-2.2845206260681152,2.2845206260681152
image_0330.jpg,2918633000000,11,-0.0012628526904449968,0.0028884093253458212,2.0067277185112324,-2.620055245877107,-0.7908647664010132,1.0461009558942522,-0.0,-2.0,0.0,-2.2845206260681152,-2.2845206260681152,2.2845206260681152
image_0331.jpg,2918810000000,11,-0.0012628526904449968,0.0028884093253458212,2.0067277185112324,-2.620055245877107,-0.7908647664010132,1.0461009558942522,-0.0,-2.0,0.0,-2.2845206260681152,-2.2845206260681152,2.2845206260681152
image_0332.jpg,2918927000000,11,-0.0012628526904449968,0.0028884093253458212,2.0067277185112324,-2.620055245877107,-0.7908647664010132,1.0461009558942522,-0.0,-2.0,0.0,-2.2845206260681152,-2.2845206260681152,2.2845206260681152
image_0333.jpg,2919007000000,11,-0.0012628526904449968,0.0028884093253458212,2.0067277185112324,-2.620055245877107,-0.7908647664010132,1.0461009558942522,-0.0,-2.0,0.0,-2.2845206260681152,-2.2845206260681152,2.2845206260681152
image_0334.jpg,2919146000000,11,-0.0012628526904449968,0.0028884093253458212,2.0067277185112324,-2.620055245877107,-0.7908647664010132,1.0461009558942522,-0.0,-2.0,0.0,-2.2845206260681152,-2.2845206260681152,2.2845206260681152
image_0335.jpg,2919146000000,11,-0.0012628526904449968,0.0028884093253458212,2.0067277185112324,-2.620055245877107,-0.7908647664010132,1.0461009558942522,-0.0,-2.0,0.0,-2.2845206260681152,-2.2845206260681152,2.2845206260681152
image_0336.jpg,2919146000000,11,-0.0012628526904449968,0.0028884093253458212,2.0067277185112324,-2.620055245877107,-0.7908647664010132,1.0461009558942522,-0.0,-2.0,0.0,-2.2845206260681152,-2.2845206260681152,2.2845206260681152
image_0353.jpg,2920844000000,11,0.003304690065570402,0.0022079150922754086,2.024625658730351,-2.096113501260662,-0.5279650667660944,-0.7807307386623386,-0.0,-2.0,0.0,-2.2845206260681152,-2.2845206260681152,2.2845206260681152
image_0354.jpg,2921002000000,11,0.003304690065570402,0.0022079150922754086,2.024625658730351,-2.096113501260662,-0.5279650667660944,-0.7807307386623386,-0.0,-2.0,0.0,-2.2845206260681152,-2.2845206260681152,2.2845206260681152
image_0355.jpg,2921286000000,11,0.003304690065570402,0.0022079150922754086,2.024625658730351,-2.096113501260662,-0.5279650667660944,-0.7807307386623386,-0.0,-2.0,0.0,2.1862759590148926,2.1862759590148926,-2.1862759590148926
image_0356.jpg,2921366000000,11,0.003304690065570402,0.0022079150922754086,2.024625658730351,-2.096113501260662,-0.5279650667660944,-0.7807307386623386,-0.0,-2.0,0.0,2.1862759590148926,2.1862759590148926,-2.1862759590148926
image_0357.jpg,2921474000000,11,0.003304690065570402,0.0022079150922754086,2.024625658730351,-2.096113501260662,-0.5279650667660944,-0.7807307386623386,-0.0,-2.0,0.0,2.1862759590148926,2.1862759590148926,-2.1862759590148926
image_0358.jpg,2921561000000,11,0.003304690065570402,0.0022079150922754086,2.024625658730351,-2.096113501260662,-0.5279650667660944,-0.7807307386623386,-0.0,-2.0,0.0,2.1862759590148926,2.1862759590148926,-2.1862759590148926
image_0359.jpg,2921714000000,11,0.003304690065570402,0.0022079150922754086,2.024625658730351,-2.096113501260662,-0.5279650667660944,-0.7807307386623386,-0.0,-2.0,0.0,2.1862759590148926,2.1862759590148926,-2.1862759590148926
image_0360.jpg,2921777000000,11,0.003304690065570402,0.0022079150922754086,2.024625658730351,-2.096113501260662,-0.5279650667660944,-0.7807307386623386,-0.0,-2.0,0.0,2.1862759590148926,2.1862759590148926,-2.1862759590148926
image_0361.jpg,2921804000000,11,0.003304690065570402,0.0022079150922754086,2.024625658730351,-2.096113501260662,-0.5279650667660944,-0.7807307386623386,-0.0,-2.0,0.0,2.1862759590148926,2.1862759590148926,-2.1862759590148926
image_0362.jpg,2921804000000,11,0.003304690065570402,0.0022079150922754086,2.024625658730351,-2.096113501260662,-0.5279650667660944,-0.7807307386623386,-0.0,-2.0,0.0,2.1862759590148926,2.1862759590148926,-2.1862759590148926
image_0375.jpg,2923123000000,11,-0.002248265859197816,0.001738460005855402,2.0188929839088523,-2.366625854579836,0.7509622788471506,0.7964671623181381,-0.0,-2.0,0.0,2.1862759590148926,2.1862759590148926,-2.1862759590148926
image_0376.jpg,2923167000000,11,-0.0017651164318525374,0.00175546904891237,2.016535845119967,-2.36323557752895,0.7471386618744966,0.791363016389063,-0.0,-2.0,0.0,2.1862759590148926,2.1862759590148926,-2.1862759590148926
image_0377.jpg,2923354000000,11,-0.004127639692832251,0.0002894640828089865,2.0170518642734314,-2.362425159635382,0.7915898064264075,0.7799519121457009,-0.0,-2.0,0.0,2.1862759590148926,2.1862759590148926,-2.1862759590148926
image_0378.jpg,2923666000000,11,-0.004127639692832251,0.0002894640828089865,2.0170518642734314,-2.362425159635382,0.7915898064264075,0.7799519121457009,-0.0,-2.0,0.0,-2.2845206260681152,-2.2845206260681152,2.2845206260681152
image_0379.jpg,2923744000000,11,-0.004127639692832251,0.0002894640828089865,2.0170518642734314,-2.362425159635382,0.7915898064264075,0.7799519121457009,-0.0,-2.0,0.0,-2.2845206260681152,-2.2845206260681152,2.2845206260681152
image_0380.jpg,2923802000000,11,-0.004127639692832251,0.0002894640828089865,2.0170518642734314,-2.362425159635382,0.7915898064264075,0.7799519121457009,-0.0,-2.0,0.0,-2.2845206260681152,-2.2845206260681152,2.2845206260681152
image_0381.jpg,2923941000000,11,-0.004127639692832251,0.0002894640828089865,2.0170518642734314,-2.362425159635382,0.7915898064264075,0.7799519121457009,-0.0,-2.0,0.0,-2.2845206260681152,-2.2845206260681152,2.2845206260681152
image_0382.jpg,2923991000000,11,-0.004127639692832251,0.0002894640828089865,2.0170518642734314,-2.362425159635382,0.7915898064264075,0.7799519121457009,-0.0,-2.0,0.0,-2.2845206260681152,-2.2845206260681152,2.2845206260681152
image_0383.jpg,2924054000000,11,-0.004127639692832251,0.0002894640828089865,2.0170518642734314,-2.362425159635382,0.7915898064264075,0.7799519121457009,-0.0,-2.0,0.0,-2.2845206260681152,-2.2845206260681152,2.2845206260681152
image_0384.jpg,2924112000000,11,-0.004127639692832251,0.0002894640828089865,2.0170518642734314,-2.362425159635382,0.7915898064264075,0.7799519121457009,-0.0,-2.0,0.0,-2.2845206260681152,-2.2845206260681152,2.2845206260681152
image_0385.jpg,2924112000000,11,-0.004127639692832251,0.0002894640828089865,2.0170518642734314,-2.362425159635382,0.7915898064264075,0.7799519121457009,-0.0,-2.0,0.0,-2.2845206260681152,-2.2845206260681152,2.2845206260681152
image_0402.jpg,2925636000000,11,0.002878932701370374,-0.0007064144404591252,2.03439943146871,2.6499381358639322,-0.8143947199644143,0.5205012710465752,-0.0,-2.0,0.0,-2.2845206260681152,-2.2845206260681152,2.2845206260681152
image_0403.jpg,2925785000000,11,0.00288369883538519,-0.0022512059066017633,2.0256635617496306,2.6185837383140136,-0.781795446144387,0.5242694817047283,-0.0,-2.0,0.0,-2.2845206260681152,-2.2845206260681152,2.2845206260681152
image_0404.jpg,2926068000000,11,0.00288369883538519,-0.0022512059066017633,2.0256635617496306,2.6185837383140136,-0.781795446144387,0.5242694817047283,-0.0,-2.0,0.0,-1.8518311977386475,-1.8518311977386475,1.8518311977386475
image_0405.jpg,2926145000000,11,0.00288369883538519,-0.0022512059066017633,2.0256635617496306,2.6185837383140136,-0.781795446144387,0.5242694817047283,-0.0,-2.0,0.0,-1.8518311977386475,-1.8518311977386475,1.8518311977386475
image_0406.jpg,2926223000000,11,0.00288369883538519,-0.0022512059066017633,2.0256635617496306,2.6185837383140136,-0.781795446144387,0.5242694817047283,-0.0,-2.0,0.0,-1.8518311977386475,-1.8518311977386475,1.8518311977386475
image_0407.jpg,2926282000000,11,0.00288369883538519,-0.0022512059066017633,2.0256635617496306,2.6185837383140136,-0.781795446144387,0.5242694817047283,-0.0,-2.0,0.0,-1.8518311977386475,-1.8518311977386475,1.8518311977386475
image_0408.jpg,2926382000000,11,0.00288369883538519,-0.0022512059066017633,2.0256635617496306,2.6185837383140136,-0.781795446144387,0.5242694817047283,-0.0,-2.0,0.0,-1.8518311977386475,-1.8518311977386475,1.8518311977386475
image_0409.jpg,2926531000000,11,0.00288369883538519,-0.0022512059066017633,2.0256635617496306,2.6185837383140136,-0.781795446144387,0.5242694817047283,-0.0,-2.0,0.0,-1.8518311977386475,-1.8518311977386475,1.8518311977386475
image_0410.jpg,2926531000000,11,0.00288369883538519,-0.0022512059066017633,2.0256635617496306,2.6185837383140136,-0.781795446144387,0.5242694817047283,-0.0,-2.0,0.0,-1.8518311977386475,-1.8518311977386475,1.8518311977386475
image_0411.jpg,2926531000000,11,0.00288369883538519,-0.0022512059066017633,2.0256635617496306,2.6185837383140136,-0.781795446144387,0.5242694817047283,-0.0,-2.0,0.0,-1.8518311977386475,-1.8518311977386475,1.8518311977386475
image_0425.jpg,2929255000000,11,-6.016312674670952e-05,0.003839950374224998,2.0081341737251766,-2.1036700825547445,-1.0651286240660278,0.5342472541376698,-0.0,-2.0,0.0,2.0344438552856445,2.0344438552856445,-2.0344438552856445
image_0426.jpg,2929304000000,11,-6.016312674670952e-05,0.003839950374224998,2.0081341737251766,-2.1036700825547445,-1.0651286240660278,0.5342472541376698,-0.0,-2.0,0.0,2.0344438552856445,2.0344438552856445,-2.0344438552856445
image_0427.jpg,2929351000000,11,-6.016312674670952e-05,0.003839950374224998,2.0081341737251766,-2.1036700825547445,-1.0651286240660278,0.5342472541376698,-0.0,-2.0,0.0,2.0344438552856445,2.0344438552856445,-2.0344438552856445
image_0428.jpg,2929389000000,11,-6.016312674670952e-05,0.003839950374224998,2.0081341737251766,-2.1036700825547445,-1.0651286240660278,0.5342472541376698,-0.0,-2.0,0.0,2.0344438552856445,2.0344438552856445,-2.0344438552856445
image_0429.jpg,2929389000000,11,-6.016312674670952e-05,0.003839950374224998,2.0081341737251766,-2.1036700825547445,-1.0651286240660278,0.5342472541376698,-0.0,-2.0,0.0,2.0344438552856445,2.0344438552856445,-2.0344438552856445
image_0447.jpg,2931371000000,11,-0.0047927694720521444,0.0011711504359466476,2.0330726565074007,2.6046826441617448,1.0448407908915658,-1.0621362993677117,-0.0,-2.0,0.0,-1.9583929777145386,-1.9583929777145386,1.9583929777145386
image_0448.jpg,2931551000000,11,-0.0047927694720521444,0.0011711504359466476,2.0330726565074007,2.6046826441617448,1.0448407908915658,-1.0621362993677117,-0.0,-2.0,0.0,-1.9583929777145386,-1.9583929777145386,1.9583929777145386
image_0449.jpg,2931693000000,11,-0.0047927694720521444,0.0011711504359466476,2.0330726565074007,2.6046826441617448,1.0448407908915658,-1.0621362993677117,-0.0,-2.0,0.0,-1.9583929777145386,-1.9583929777145386,1.9583929777145386
image_0450.jpg,2931932000000,11,-0.0047927694720521444,0.0011711504359466476,2.0330726565074007,2.6046826441617448,1.0448407908915658,-1.0621362993677117,-0.0,-2.0,0.0,-1.9583929777145386,-1.9583929777145386,1.9583929777145386
image_0451.jpg,2931932000000,11,-0.0047927694720521444,0.0011711504359466476,2.0330726565074007,2.6046826441617448,1.0448407908915658,-1.0621362993677117,-0.0,-2.0,0.0,-1.9583929777145386,-1.9583929777145386,1.9583929777145386
image_0452.jpg,2931932000000,11,-0.0047927694720521444,0.0011711504359466476,2.0330726565074007,2.6046826441617448,1.0448407908915658,-1.0621362993677117,-0.0,-2.0,0.0,-1.9583929777145386,-1.9583929777145386,1.9583929777145386
image_0453.jpg,2931932000000,11,-0.0047927694720521444,0.0011711504359466476,2.0330726565074007,2.6046826441617448,1.0448407908915658,-1.0621362993677117,-0.0,-2.0,0.0,-1.9583929777145386,-1.9583929777145386,1.9583929777145386
image_0454.jpg,2931932000000,11,-0.0047927694720521444,0.0011711504359466476,2.0330726565074007,2.6046826441617448,1.0448407908915658,-1.0621362993677117,-0.0,-2.0,0.0,-1.9583929777145386,-1.9583929777145386,1.9583929777145386
image_0468.jpg,2933670000000,11,-0.0014127704771105156,0.003665972053441708,2.0239509703332295,-2.341578670618823,-1.0384471811608393,1.03678311174989,-0.0,-2.0,0.0,-1.9583929777145386,-1.9583929777145386,1.9583929777145386
image_0469.jpg,2934003000000,11,-0.0014127704771105156,0.003665972053441708,2.0239509703332295,-2.341578670618823,-1.0384471811608393,1.03678311174989,-0.0,-2.0,0.0,-1.9583929777145386,-1.9583929777145386,1.9583929777145386
image_0470.jpg,2934081000000,11,-0.0014127704771105156,0.003665972053441708,2.0239509703332295,-2.341578670618823,-1.0384471811608393,1.03678311174989,-0.0,-2.0,0.0,-1.9583929777145386,-1.9583929777145386,1.9583929777145386
image_0471.jpg,2934178000000,11,-0.0014127704771105156,0.003665972053441708,2.0239509703332295,-2.341578670618823,-1.0384471811608393,1.03678311174989,-0.0,-2.0,0.0,-1.9583929777145386,-1.9583929777145386,1.9583929777145386
image_0472.jpg,2934260000000,11,-0.0014127704771105156,0.003665972053441708,2.0239509703332295,-2.341578670618823,-1.0384471811608393,1.03678311174989,-0.0,-2.0,0.0,-1.9583929777145386,-1.9583929777145386,1.9583929777145386
image_0473.jpg,2934354000000,11,-0.0014127704771105156,0.003665972053441708,2.0239509703332295,-2.341578670618823,-1.0384471811608393,1.03678311174989,-0.0,-2.0,0.0,-1.9583929777145386,-1.9583929777145386,1.9583929777145386
image_0474.jpg,2934466000000,11,-0.0014127704771105156,0.003665972053441708,2.0239509703332295,-2.341578670618823,-1.0384471811608393,1.03678311174989,-0.0,-2.0,0.0,-1.9583929777145386,-1.9583929777145386,1.9583929777145386
image_0475.jpg,2934549000000,11,-0.0014127704771105156,0.003665972053441708,2.0239509703332295,-2.341578670618823,-1.0384471811608393,1.03678311174989,-0.0,-2.0,0.0,-1.9583929777145386,-1.9583929777145386,1.9583929777145386
image_0476.jpg,2934594000000,11,-0.0014127704771105156,0.003665972053441708,2.0239509703332295,-2.341578670618823,-1.0384471811608393,1.03678311174989,-0.0,-2.0,0.0,-1.9583929777145386,-1.9583929777145386,1.9583929777145386
