image_file,time,tag_id,tag_tx,tag_ty,tag_tz,tag_rx,tag_ry,tag_rz,gripper_tx,gripper_ty,gripper_tz,gripper_rx,gripper_ry,gripper_rz,E_3D,angleSolide,Erx,Ery,Erz
image_0039.png,210560092000000.0,11,-0.0671539228026811,-0.001175885065606,2.088813775251969,0.0841104801949342,0.0394931102652098,0.0057954914088913,0.0,0.0,2.0,0.0,0.0,0.0,0.11631400622180185,5.328098144171115,4.819175527988427,2.262788538041312,0.33205719793379873
image_0040.png,210560412000000.0,11,-0.0671539228026811,-0.001175885065606,2.088813775251969,0.0841104801949342,0.0394931102652098,0.0057954914088913,0.0,0.0,2.0,0.0,0.0,0.0,0.11631400622180185,5.328098144171115,4.819175527988427,2.262788538041312,0.33205719793379873
image_0041.png,210561182000000.0,11,-0.0671539228026811,-0.001175885065606,2.088813775251969,0.0841104801949342,0.0394931102652098,0.0057954914088913,0.0,0.0,2.0,0.0,0.0,0.0,0.11631400622180185,5.328098144171115,4.819175527988427,2.262788538041312,0.33205719793379873
image_0042.png,210561399000000.0,11,-0.0671539228026811,-0.001175885065606,2.088813775251969,0.0841104801949342,0.0394931102652098,0.0057954914088913,0.0,0.0,2.0,0.0,0.0,0.0,0.11631400622180185,5.328098144171115,4.819175527988427,2.262788538041312,0.33205719793379873
image_0043.png,210561586000000.0,11,-0.0671539228026811,-0.001175885065606,2.088813775251969,0.0841104801949342,0.0394931102652098,0.0057954914088913,0.0,0.0,2.0,0.0,0.0,0.0,0.11631400622180185,5.328098144171115,4.819175527988427,2.262788538041312,0.33205719793379873
image_0044.png,210561739000000.0,11,-0.0671539228026811,-0.001175885065606,2.088813775251969,0.0841104801949342,0.0394931102652098,0.0057954914088913,0.0,0.0,2.0,0.0,0.0,0.0,0.11631400622180185,5.328098144171115,4.819175527988427,2.262788538041312,0.33205719793379873
image_0045.png,210562069000000.0,11,-0.0671539228026811,-0.001175885065606,2.088813775251969,0.0841104801949342,0.0394931102652098,0.0057954914088913,0.0,0.0,2.0,0.0,0.0,0.0,0.11631400622180185,5.328098144171115,4.819175527988427,2.262788538041312,0.33205719793379873
image_0046.png,210562312000000.0,11,-0.0671539228026811,-0.001175885065606,2.088813775251969,0.0841104801949342,0.0394931102652098,0.0057954914088913,0.0,0.0,2.0,0.0,0.0,0.0,0.11631400622180185,5.328098144171115,4.819175527988427,2.262788538041312,0.33205719793379873
image_0072.png,210563879000000.0,11,0.4370000176894311,-0.0010000000404409,2.088764216454894,9.013479532476699e-12,3.626462019568065e-09,-7.474797953957841e-14,0.5,0.0,2.0,0.0,0.0,0.0,0.10911917023784587,-2.0778161012111863e-07,5.164343359384653e-10,2.0778096828573917e-07,-4.282743754748073e-12
image_0073.png,210563879000000.0,11,0.4370000176894311,-0.0010000000404409,2.088764216454894,9.013479532476699e-12,3.626462019568065e-09,-7.474797953957841e-14,0.5,0.0,2.0,0.0,0.0,0.0,0.10911917023784587,-2.0778161012111863e-07,5.164343359384653e-10,2.0778096828573917e-07,-4.282743754748073e-12
image_0074.png,210563879000000.0,11,0.4370000176894311,-0.0010000000404409,2.088764216454894,9.013479532476699e-12,3.626462019568065e-09,-7.474797953957841e-14,0.5,0.0,2.0,0.0,0.0,0.0,0.10911917023784587,-2.0778161012111863e-07,5.164343359384653e-10,2.0778096828573917e-07,-4.282743754748073e-12
image_0075.png,210564389000000.0,11,0.4370000176894311,-0.0010000000404409,2.088764216454894,9.013479532476699e-12,3.626462019568065e-09,-7.474797953957841e-14,0.5,0.0,2.0,0.0,0.0,0.0,0.10911917023784587,-2.0778161012111863e-07,5.164343359384653e-10,2.0778096828573917e-07,-4.282743754748073e-12
image_0076.png,210564783000000.0,11,0.4370000176894311,-0.0010000000404409,2.088764216454894,9.013479532476699e-12,3.626462019568065e-09,-7.474797953957841e-14,0.5,0.0,2.0,0.0,0.0,0.0,0.10911917023784587,-2.0778161012111863e-07,5.164343359384653e-10,2.0778096828573917e-07,-4.282743754748073e-12
image_0077.png,210565028000000.0,11,0.4370000176894311,-0.0010000000404409,2.088764216454894,9.013479532476699e-12,3.626462019568065e-09,-7.474797953957841e-14,0.5,0.0,2.0,0.0,0.0,0.0,0.10911917023784587,-2.0778161012111863e-07,5.164343359384653e-10,2.0778096828573917e-07,-4.282743754748073e-12
image_0078.png,210565333000000.0,11,0.4389576811093696,-0.0015928247207411,2.1019322482127007,-0.0210950320148612,0.075413316148104,0.007026077528085,0.5,0.0,2.0,0.0,0.0,0.0,0.10572839773039329,4.508735788145239,-1.2086563031448998,4.320864734372143,0.40256458889098057
image_0079.png,210565913000000.0,11,0.4389576811093696,-0.0015928247207411,2.1019322482127007,-0.0210950320148612,0.075413316148104,0.007026077528085,0.5,0.0,2.0,0.0,0.0,0.0,0.10572839773039329,4.508735788145239,-1.2086563031448998,4.320864734372143,0.40256458889098057
image_0080.png,210566068000000.0,11,0.4389576811093696,-0.0015928247207411,2.1019322482127007,-0.0210950320148612,0.075413316148104,0.007026077528085,0.5,0.0,2.0,0.0,0.0,0.0,0.10572839773039329,4.508735788145239,-1.2086563031448998,4.320864734372143,0.40256458889098057
image_0081.png,210566310000000.0,11,0.4389576811093696,-0.0015928247207411,2.1019322482127007,-0.0210950320148612,0.075413316148104,0.007026077528085,0.5,0.0,2.0,0.0,0.0,0.0,0.10572839773039329,4.508735788145239,-1.2086563031448998,4.320864734372143,0.40256458889098057
image_0103.png,210567959000000.0,11,0.9381193325207948,0.0004487335604119,2.075835144425706,-0.0122878964080386,0.0095804009170006,0.0054760125750762,1.0,0.0,2.0,0.0,0.0,0.0,0.10718046008025849,0.9473854708478505,-0.704044603274576,0.5489165385873999,0.31375240911243213
image_0104.png,210567959000000.0,11,0.9381193325207948,0.0004487335604119,2.075835144425706,-0.0122878964080386,0.0095804009170006,0.0054760125750762,1.0,0.0,2.0,0.0,0.0,0.0,0.10718046008025849,0.9473854708478505,-0.704044603274576,0.5489165385873999,0.31375240911243213
image_0105.png,210567959000000.0,11,0.9381193325207948,0.0004487335604119,2.075835144425706,-0.0122878964080386,0.0095804009170006,0.0054760125750762,1.0,0.0,2.0,0.0,0.0,0.0,0.10718046008025849,0.9473854708478505,-0.704044603274576,0.5489165385873999,0.31375240911243213
image_0106.png,210567959000000.0,11,0.9381193325207948,0.0004487335604119,2.075835144425706,-0.0122878964080386,0.0095804009170006,0.0054760125750762,1.0,0.0,2.0,0.0,0.0,0.0,0.10718046008025849,0.9473854708478505,-0.704044603274576,0.5489165385873999,0.31375240911243213
image_0107.png,210568002000000.0,11,0.9381193325207948,0.0004487335604119,2.075835144425706,-0.0122878964080386,0.0095804009170006,0.0054760125750762,1.0,0.0,2.0,0.0,0.0,0.0,0.10718046008025849,0.9473854708478505,-0.704044603274576,0.5489165385873999,0.31375240911243213
image_0108.png,210568424000000.0,11,0.9381193325207948,0.0004487335604119,2.075835144425706,-0.0122878964080386,0.0095804009170006,0.0054760125750762,1.0,0.0,2.0,0.0,0.0,0.0,0.10718046008025849,0.9473854708478505,-0.704044603274576,0.5489165385873999,0.31375240911243213
image_0109.png,210568577000000.0,11,0.9381193325207948,0.0004487335604119,2.075835144425706,-0.0122878964080386,0.0095804009170006,0.0054760125750762,1.0,0.0,2.0,0.0,0.0,0.0,0.10718046008025849,0.9473854708478505,-0.704044603274576,0.5489165385873999,0.31375240911243213
image_0110.png,210568748000000.0,11,0.9381193325207948,0.0004487335604119,2.075835144425706,-0.0122878964080386,0.0095804009170006,0.0054760125750762,1.0,0.0,2.0,0.0,0.0,0.0,0.10718046008025849,0.9473854708478505,-0.704044603274576,0.5489165385873999,0.31375240911243213
image_0111.png,210568941000000.0,11,0.9381193325207948,0.0004487335604119,2.075835144425706,-0.0122878964080386,0.0095804009170006,0.0054760125750762,1.0,0.0,2.0,0.0,0.0,0.0,0.10718046008025849,0.9473854708478505,-0.704044603274576,0.5489165385873999,0.31375240911243213
image_0112.png,210569177000000.0,11,0.9381193325207948,0.0004487335604119,2.075835144425706,-0.0122878964080386,0.0095804009170006,0.0054760125750762,1.0,0.0,2.0,0.0,0.0,0.0,0.10718046008025849,0.9473854708478505,-0.704044603274576,0.5489165385873999,0.31375240911243213
image_0113.png,210569382000000.0,11,0.9381193325207948,0.0004487335604119,2.075835144425706,-0.0122878964080386,0.0095804009170006,0.0054760125750762,1.0,0.0,2.0,0.0,0.0,0.0,0.10718046008025849,0.9473854708478505,-0.704044603274576,0.5489165385873999,0.31375240911243213
image_0114.png,210569614000000.0,11,0.9381193325207948,0.0004487335604119,2.075835144425706,-0.0122878964080386,0.0095804009170006,0.0054760125750762,1.0,0.0,2.0,0.0,0.0,0.0,0.10718046008025849,0.9473854708478505,-0.704044603274576,0.5489165385873999,0.31375240911243213
image_0115.png,210569781000000.0,11,0.9381193325207948,0.0004487335604119,2.075835144425706,-0.0122878964080386,0.0095804009170006,0.0054760125750762,1.0,0.0,2.0,0.0,0.0,0.0,0.10718046008025849,0.9473854708478505,-0.704044603274576,0.5489165385873999,0.31375240911243213
image_0116.png,210570109000000.0,11,0.9381193325207948,0.0004487335604119,2.075835144425706,-0.0122878964080386,0.0095804009170006,0.0054760125750762,1.0,0.0,2.0,0.0,0.0,0.0,0.10718046008025849,0.9473854708478505,-0.704044603274576,0.5489165385873999,0.31375240911243213
image_0117.png,210570327000000.0,11,0.9381193325207948,0.0004487335604119,2.075835144425706,-0.0122878964080386,0.0095804009170006,0.0054760125750762,1.0,0.0,2.0,0.0,0.0,0.0,0.10718046008025849,0.9473854708478505,-0.704044603274576,0.5489165385873999,0.31375240911243213
image_0167.png,210574997000000.0,11,-0.0671539228026811,-0.001175885065606,2.088813775251969,0.0841104801949342,0.0394931102652098,0.0057954914088913,0.0,0.0,2.0,0.0,0.0,0.0,0.11631400622180185,5.328098144171115,4.819175527988427,2.262788538041312,0.33205719793379873
image_0168.png,210575498000000.0,11,-0.0671539228026811,-0.001175885065606,2.088813775251969,0.0841104801949342,0.0394931102652098,0.0057954914088913,0.0,0.0,2.0,0.0,0.0,0.0,0.11631400622180185,5.328098144171115,4.819175527988427,2.262788538041312,0.33205719793379873
image_0169.png,210575885000000.0,11,-0.0671539228026811,-0.001175885065606,2.088813775251969,0.0841104801949342,0.0394931102652098,0.0057954914088913,0.0,0.0,2.0,0.0,0.0,0.0,0.11631400622180185,5.328098144171115,4.819175527988427,2.262788538041312,0.33205719793379873
image_0170.png,210576209000000.0,11,-0.0671539228026811,-0.001175885065606,2.088813775251969,0.0841104801949342,0.0394931102652098,0.0057954914088913,0.0,0.0,2.0,0.0,0.0,0.0,0.11631400622180185,5.328098144171115,4.819175527988427,2.262788538041312,0.33205719793379873
image_0171.png,210576428000000.0,11,-0.0671539228026811,-0.001175885065606,2.088813775251969,0.0841104801949342,0.0394931102652098,0.0057954914088913,0.0,0.0,2.0,0.0,0.0,0.0,0.11631400622180185,5.328098144171115,4.819175527988427,2.262788538041312,0.33205719793379873
image_0172.png,210576642000000.0,11,-0.0671539228026811,-0.001175885065606,2.088813775251969,0.0841104801949342,0.0394931102652098,0.0057954914088913,0.0,0.0,2.0,0.0,0.0,0.0,0.11631400622180185,5.328098144171115,4.819175527988427,2.262788538041312,0.33205719793379873
image_0173.png,210577124000000.0,11,-0.0671539228026811,-0.001175885065606,2.088813775251969,0.0841104801949342,0.0394931102652098,0.0057954914088913,0.0,0.0,2.0,0.0,0.0,0.0,0.11631400622180185,5.328098144171115,4.819175527988427,2.262788538041312,0.33205719793379873
image_0174.png,210577347000000.0,11,-0.0671539228026811,-0.001175885065606,2.088813775251969,0.0841104801949342,0.0394931102652098,0.0057954914088913,0.0,0.0,2.0,0.0,0.0,0.0,0.11631400622180185,5.328098144171115,4.819175527988427,2.262788538041312,0.33205719793379873
image_0175.png,210577654000000.0,11,-0.0671539228026811,-0.001175885065606,2.088813775251969,0.0841104801949342,0.0394931102652098,0.0057954914088913,0.0,0.0,2.0,0.0,0.0,0.0,0.11631400622180185,5.328098144171115,4.819175527988427,2.262788538041312,0.33205719793379873
image_0176.png,210578048000000.0,11,-0.0671539228026811,-0.001175885065606,2.088813775251969,0.0841104801949342,0.0394931102652098,0.0057954914088913,0.0,0.0,2.0,0.0,0.0,0.0,0.11631400622180185,5.328098144171115,4.819175527988427,2.262788538041312,0.33205719793379873
image_0193.png,210580026000000.0,11,-0.0687181875610146,0.5035903350882432,2.104278887739793,-0.0313516147122046,0.0555733847441348,-0.0024343100509621,0.0,0.5,2.0,0.0,0.0,0.0,0.11902339225972491,-3.6565097975492225,-1.796315203929583,3.184120399095644,-0.1394756919464047
image_0194.png,210580026000000.0,11,-0.0687181875610146,0.5035903350882432,2.104278887739793,-0.0313516147122046,0.0555733847441348,-0.0024343100509621,0.0,0.5,2.0,0.0,0.0,0.0,0.11902339225972491,-3.6565097975492225,-1.796315203929583,3.184120399095644,-0.1394756919464047
image_0195.png,210580026000000.0,11,-0.0687181875610146,0.5035903350882432,2.104278887739793,-0.0313516147122046,0.0555733847441348,-0.0024343100509621,0.0,0.5,2.0,0.0,0.0,0.0,0.11902339225972491,-3.6565097975492225,-1.796315203929583,3.184120399095644,-0.1394756919464047
image_0196.png,210580069000000.0,11,-0.0687181875610146,0.5035903350882432,2.104278887739793,-0.0313516147122046,0.0555733847441348,-0.0024343100509621,0.0,0.5,2.0,0.0,0.0,0.0,0.11902339225972491,-3.6565097975492225,-1.796315203929583,3.184120399095644,-0.1394756919464047
image_0197.png,210580717000000.0,11,-0.0687181875610146,0.5035903350882432,2.104278887739793,-0.0313516147122046,0.0555733847441348,-0.0024343100509621,0.0,0.5,2.0,0.0,0.0,0.0,0.11902339225972491,-3.6565097975492225,-1.796315203929583,3.184120399095644,-0.1394756919464047
image_0198.png,210581216000000.0,11,-0.0687181875610146,0.5035903350882432,2.104278887739793,-0.0313516147122046,0.0555733847441348,-0.0024343100509621,0.0,0.5,2.0,0.0,0.0,0.0,0.11902339225972491,-3.6565097975492225,-1.796315203929583,3.184120399095644,-0.1394756919464047
image_0199.png,210581774000000.0,11,-0.0687181875610146,0.5035903350882432,2.104278887739793,-0.0313516147122046,0.0555733847441348,-0.0024343100509621,0.0,0.5,2.0,0.0,0.0,0.0,0.11902339225972491,-3.6565097975492225,-1.796315203929583,3.184120399095644,-0.1394756919464047
image_0200.png,210582099000000.0,11,-0.0687181875610146,0.5035903350882432,2.104278887739793,-0.0313516147122046,0.0555733847441348,-0.0024343100509621,0.0,0.5,2.0,0.0,0.0,0.0,0.11902339225972491,-3.6565097975492225,-1.796315203929583,3.184120399095644,-0.1394756919464047
image_0201.png,210582427000000.0,11,-0.0687181875610146,0.5035903350882432,2.104278887739793,-0.0313516147122046,0.0555733847441348,-0.0024343100509621,0.0,0.5,2.0,0.0,0.0,0.0,0.11902339225972491,-3.6565097975492225,-1.796315203929583,3.184120399095644,-0.1394756919464047
image_0286.png,210592034000000.0,11,-0.0671539228026811,-0.001175885065606,2.088813775251969,0.0841104801949342,0.0394931102652098,0.0057954914088913,0.0,0.0,2.0,0.0,0.0,0.0,0.11631400622180185,5.328098144171115,4.819175527988427,2.262788538041312,0.33205719793379873
image_0287.png,210592034000000.0,11,-0.0671539228026811,-0.001175885065606,2.088813775251969,0.0841104801949342,0.0394931102652098,0.0057954914088913,0.0,0.0,2.0,0.0,0.0,0.0,0.11631400622180185,5.328098144171115,4.819175527988427,2.262788538041312,0.33205719793379873
image_0288.png,210592034000000.0,11,-0.0671539228026811,-0.001175885065606,2.088813775251969,0.0841104801949342,0.0394931102652098,0.0057954914088913,0.0,0.0,2.0,0.0,0.0,0.0,0.11631400622180185,5.328098144171115,4.819175527988427,2.262788538041312,0.33205719793379873
image_0289.png,210592034000000.0,11,-0.0671539228026811,-0.001175885065606,2.088813775251969,0.0841104801949342,0.0394931102652098,0.0057954914088913,0.0,0.0,2.0,0.0,0.0,0.0,0.11631400622180185,5.328098144171115,4.819175527988427,2.262788538041312,0.33205719793379873
image_0290.png,210592069000000.0,11,-0.0671539228026811,-0.001175885065606,2.088813775251969,0.0841104801949342,0.0394931102652098,0.0057954914088913,0.0,0.0,2.0,0.0,0.0,0.0,0.11631400622180185,5.328098144171115,4.819175527988427,2.262788538041312,0.33205719793379873
image_0291.png,210592548000000.0,11,-0.0671539228026811,-0.001175885065606,2.088813775251969,0.0841104801949342,0.0394931102652098,0.0057954914088913,0.0,0.0,2.0,0.0,0.0,0.0,0.11631400622180185,5.328098144171115,4.819175527988427,2.262788538041312,0.33205719793379873
image_0292.png,210592802000000.0,11,-0.0671539228026811,-0.001175885065606,2.088813775251969,0.0841104801949342,0.0394931102652098,0.0057954914088913,0.0,0.0,2.0,0.0,0.0,0.0,0.11631400622180185,5.328098144171115,4.819175527988427,2.262788538041312,0.33205719793379873
image_0293.png,210593194000000.0,11,-0.0671539228026811,-0.001175885065606,2.088813775251969,0.0841104801949342,0.0394931102652098,0.0057954914088913,0.0,0.0,2.0,0.0,0.0,0.0,0.11631400622180185,5.328098144171115,4.819175527988427,2.262788538041312,0.33205719793379873
image_0294.png,210593565000000.0,11,-0.0671539228026811,-0.001175885065606,2.088813775251969,0.0841104801949342,0.0394931102652098,0.0057954914088913,0.0,0.0,2.0,0.0,0.0,0.0,0.11631400622180185,5.328098144171115,4.819175527988427,2.262788538041312,0.33205719793379873
image_0295.png,210593818000000.0,11,-0.0671539228026811,-0.001175885065606,2.088813775251969,0.0841104801949342,0.0394931102652098,0.0057954914088913,0.0,0.0,2.0,0.0,0.0,0.0,0.11631400622180185,5.328098144171115,4.819175527988427,2.262788538041312,0.33205719793379873
image_0296.png,210593983000000.0,11,-0.0671539228026811,-0.001175885065606,2.088813775251969,0.0841104801949342,0.0394931102652098,0.0057954914088913,0.0,0.0,2.0,0.0,0.0,0.0,0.11631400622180185,5.328098144171115,4.819175527988427,2.262788538041312,0.33205719793379873
image_0313.png,210594872000000.0,11,-0.0589555614191069,-0.0016544939413312,2.588761562793613,-0.134423468014949,0.028178447210488,3.381589541084545e-05,0.0,0.0,2.5,0.0,0.0,0.0,0.10211402776664065,7.8690756251947125,-7.701897384768394,1.6145060983931507,0.001937508087497241
image_0314.png,210594872000000.0,11,-0.0589555614191069,-0.0016544939413312,2.588761562793613,-0.134423468014949,0.028178447210488,3.381589541084545e-05,0.0,0.0,2.5,0.0,0.0,0.0,0.10211402776664065,7.8690756251947125,-7.701897384768394,1.6145060983931507,0.001937508087497241
image_0315.png,210594872000000.0,11,-0.0589555614191069,-0.0016544939413312,2.588761562793613,-0.134423468014949,0.028178447210488,3.381589541084545e-05,0.0,0.0,2.5,0.0,0.0,0.0,0.10211402776664065,7.8690756251947125,-7.701897384768394,1.6145060983931507,0.001937508087497241
image_0316.png,210594989000000.0,11,-0.0589555614191069,-0.0016544939413312,2.588761562793613,-0.134423468014949,0.028178447210488,3.381589541084545e-05,0.0,0.0,2.5,0.0,0.0,0.0,0.10211402776664065,7.8690756251947125,-7.701897384768394,1.6145060983931507,0.001937508087497241
image_0317.png,210595559000000.0,11,-0.0589555614191069,-0.0016544939413312,2.588761562793613,-0.134423468014949,0.028178447210488,3.381589541084545e-05,0.0,0.0,2.5,0.0,0.0,0.0,0.10211402776664065,7.8690756251947125,-7.701897384768394,1.6145060983931507,0.001937508087497241
image_0318.png,210595767000000.0,11,-0.0589555614191069,-0.0016544939413312,2.588761562793613,-0.134423468014949,0.028178447210488,3.381589541084545e-05,0.0,0.0,2.5,0.0,0.0,0.0,0.10211402776664065,7.8690756251947125,-7.701897384768394,1.6145060983931507,0.001937508087497241
image_0319.png,210596158000000.0,11,-0.0589555614191069,-0.0016544939413312,2.588761562793613,-0.134423468014949,0.028178447210488,3.381589541084545e-05,0.0,0.0,2.5,0.0,0.0,0.0,0.10211402776664065,7.8690756251947125,-7.701897384768394,1.6145060983931507,0.001937508087497241
image_0320.png,210596583000000.0,11,-0.0589555614191069,-0.0016544939413312,2.588761562793613,-0.134423468014949,0.028178447210488,3.381589541084545e-05,0.0,0.0,2.5,0.0,0.0,0.0,0.10211402776664065,7.8690756251947125,-7.701897384768394,1.6145060983931507,0.001937508087497241
image_0321.png,210596841000000.0,11,-0.0589555614191069,-0.0016544939413312,2.588761562793613,-0.134423468014949,0.028178447210488,3.381589541084545e-05,0.0,0.0,2.5,0.0,0.0,0.0,0.10211402776664065,7.8690756251947125,-7.701897384768394,1.6145060983931507,0.001937508087497241
image_0322.png,210597094000000.0,11,-0.0589555614191069,-0.0016544939413312,2.588761562793613,-0.134423468014949,0.028178447210488,3.381589541084545e-05,0.0,0.0,2.5,0.0,0.0,0.0,0.10211402776664065,7.8690756251947125,-7.701897384768394,1.6145060983931507,0.001937508087497241
image_0323.png,210597324000000.0,11,-0.0589555614191069,-0.0016544939413312,2.588761562793613,-0.134423468014949,0.028178447210488,3.381589541084545e-05,0.0,0.0,2.5,0.0,0.0,0.0,0.10211402776664065,7.8690756251947125,-7.701897384768394,1.6145060983931507,0.001937508087497241
image_0324.png,210597722000000.0,11,-0.0589555614191069,-0.0016544939413312,2.588761562793613,-0.134423468014949,0.028178447210488,3.381589541084545e-05,0.0,0.0,2.5,0.0,0.0,0.0,0.10211402776664065,7.8690756251947125,-7.701897384768394,1.6145060983931507,0.001937508087497241
image_0325.png,210598173000000.0,11,-0.0589555614191069,-0.0016544939413312,2.588761562793613,-0.134423468014949,0.028178447210488,3.381589541084545e-05,0.0,0.0,2.5,0.0,0.0,0.0,0.10211402776664065,7.8690756251947125,-7.701897384768394,1.6145060983931507,0.001937508087497241
image_0352.png,210600233000000.0,11,-0.0525000020873081,-0.0015000000594061,3.133146322273029,4.2885495835370525e-11,-6.006484198906037e-11,3.445805364895818e-13,0.0,0.0,3.0,0.0,0.0,0.0,0.09093267101268974,4.228672972109119e-09,2.4571579136926e-09,-3.441461943093332e-09,1.9743010443206697e-11
image_0353.png,210600824000000.0,11,-0.0525000020873081,-0.0015000000594061,3.133146322273029,4.2885495835370525e-11,-6.006484198906037e-11,3.445805364895818e-13,0.0,0.0,3.0,0.0,0.0,0.0,0.09093267101268974,4.228672972109119e-09,2.4571579136926e-09,-3.441461943093332e-09,1.9743010443206697e-11
image_0354.png,210601327000000.0,11,-0.0525000020873081,-0.0015000000594061,3.133146322273029,4.2885495835370525e-11,-6.006484198906037e-11,3.445805364895818e-13,0.0,0.0,3.0,0.0,0.0,0.0,0.09093267101268974,4.228672972109119e-09,2.4571579136926e-09,-3.441461943093332e-09,1.9743010443206697e-11
image_0355.png,210601650000000.0,11,-0.0525000020873081,-0.0015000000594061,3.133146322273029,4.2885495835370525e-11,-6.006484198906037e-11,3.445805364895818e-13,0.0,0.0,3.0,0.0,0.0,0.0,0.09093267101268974,4.228672972109119e-09,2.4571579136926e-09,-3.441461943093332e-09,1.9743010443206697e-11
image_0356.png,210602035000000.0,11,-0.0525000020873081,-0.0015000000594061,3.133146322273029,4.2885495835370525e-11,-6.006484198906037e-11,3.445805364895818e-13,0.0,0.0,3.0,0.0,0.0,0.0,0.09093267101268974,4.228672972109119e-09,2.4571579136926e-09,-3.441461943093332e-09,1.9743010443206697e-11
image_0357.png,210602237000000.0,11,-0.0525000020873081,-0.0015000000594061,3.133146322273029,4.2885495835370525e-11,-6.006484198906037e-11,3.445805364895818e-13,0.0,0.0,3.0,0.0,0.0,0.0,0.09093267101268974,4.228672972109119e-09,2.4571579136926e-09,-3.441461943093332e-09,1.9743010443206697e-11
image_0380.png,210603509000000.0,11,-0.0432692324911391,-0.0017307692992636,3.615168833338957,5.99585055080562e-11,5.132214653258416e-10,4.811882401805581e-13,0.0,0.0,3.5,0.0,0.0,0.0,0.07494450907916297,2.9605429877850974e-08,3.4353693115235198e-09,2.9405423918690442e-08,2.7570055313673358e-11
image_0381.png,210603716000000.0,11,-0.0432692324911391,-0.0017307692992636,3.615168833338957,5.99585055080562e-11,5.132214653258416e-10,4.811882401805581e-13,0.0,0.0,3.5,0.0,0.0,0.0,0.07494450907916297,2.9605429877850974e-08,3.4353693115235198e-09,2.9405423918690442e-08,2.7570055313673358e-11
image_0382.png,210604010000000.0,11,-0.0432692324911391,-0.0017307692992636,3.615168833338957,5.99585055080562e-11,5.132214653258416e-10,4.811882401805581e-13,0.0,0.0,3.5,0.0,0.0,0.0,0.07494450907916297,2.9605429877850974e-08,3.4353693115235198e-09,2.9405423918690442e-08,2.7570055313673358e-11
image_0383.png,210604182000000.0,11,-0.0432692324911391,-0.0017307692992636,3.615168833338957,5.99585055080562e-11,5.132214653258416e-10,4.811882401805581e-13,0.0,0.0,3.5,0.0,0.0,0.0,0.07494450907916297,2.9605429877850974e-08,3.4353693115235198e-09,2.9405423918690442e-08,2.7570055313673358e-11
image_0384.png,210604495000000.0,11,-0.0432692324911391,-0.0017307692992636,3.615168833338957,5.99585055080562e-11,5.132214653258416e-10,4.811882401805581e-13,0.0,0.0,3.5,0.0,0.0,0.0,0.07494450907916297,2.9605429877850974e-08,3.4353693115235198e-09,2.9405423918690442e-08,2.7570055313673358e-11
image_0385.png,210604655000000.0,11,-0.0432692324911391,-0.0017307692992636,3.615168833338957,5.99585055080562e-11,5.132214653258416e-10,4.811882401805581e-13,0.0,0.0,3.5,0.0,0.0,0.0,0.07494450907916297,2.9605429877850974e-08,3.4353693115235198e-09,2.9405423918690442e-08,2.7570055313673358e-11
image_0386.png,210604980000000.0,11,-0.0432692324911391,-0.0017307692992636,3.615168833338957,5.99585055080562e-11,5.132214653258416e-10,4.811882401805581e-13,0.0,0.0,3.5,0.0,0.0,0.0,0.07494450907916297,2.9605429877850974e-08,3.4353693115235198e-09,2.9405423918690442e-08,2.7570055313673358e-11
image_0387.png,210605154000000.0,11,-0.0432692324911391,-0.0017307692992636,3.615168833338957,5.99585055080562e-11,5.132214653258416e-10,4.811882401805581e-13,0.0,0.0,3.5,0.0,0.0,0.0,0.07494450907916297,2.9605429877850974e-08,3.4353693115235198e-09,2.9405423918690442e-08,2.7570055313673358e-11
image_0388.png,210605316000000.0,11,-0.0432692324911391,-0.0017307692992636,3.615168833338957,5.99585055080562e-11,5.132214653258416e-10,4.811882401805581e-13,0.0,0.0,3.5,0.0,0.0,0.0,0.07494450907916297,2.9605429877850974e-08,3.4353693115235198e-09,2.9405423918690442e-08,2.7570055313673358e-11
image_0389.png,210605500000000.0,11,-0.0432692324911391,-0.0017307692992636,3.615168833338957,5.99585055080562e-11,5.132214653258416e-10,4.811882401805581e-13,0.0,0.0,3.5,0.0,0.0,0.0,0.07494450907916297,2.9605429877850974e-08,3.4353693115235198e-09,2.9405423918690442e-08,2.7570055313673358e-11
image_0390.png,210605903000000.0,11,-0.0432692324911391,-0.0017307692992636,3.615168833338957,5.99585055080562e-11,5.132214653258416e-10,4.811882401805581e-13,0.0,0.0,3.5,0.0,0.0,0.0,0.07494450907916297,2.9605429877850974e-08,3.4353693115235198e-09,2.9405423918690442e-08,2.7570055313673358e-11
image_0412.png,210608095000000.0,11,-0.0356126960738128,-0.0019566087414204,4.088758926542676,0.0004592811639214,0.195849291351932,9.412316784224774e-05,0.0,0.0,4.0,0.0,0.0,0.0,0.06168299899435245,11.22136862484184,0.026314872302552358,11.22133781509372,0.0053928602717622665
image_0413.png,210608095000000.0,11,-0.0356126960738128,-0.0019566087414204,4.088758926542676,0.0004592811639214,0.195849291351932,9.412316784224774e-05,0.0,0.0,4.0,0.0,0.0,0.0,0.06168299899435245,11.22136862484184,0.026314872302552358,11.22133781509372,0.0053928602717622665
image_0414.png,210608095000000.0,11,-0.0356126960738128,-0.0019566087414204,4.088758926542676,0.0004592811639214,0.195849291351932,9.412316784224774e-05,0.0,0.0,4.0,0.0,0.0,0.0,0.06168299899435245,11.22136862484184,0.026314872302552358,11.22133781509372,0.0053928602717622665
image_0415.png,210608095000000.0,11,-0.0356126960738128,-0.0019566087414204,4.088758926542676,0.0004592811639214,0.195849291351932,9.412316784224774e-05,0.0,0.0,4.0,0.0,0.0,0.0,0.06168299899435245,11.22136862484184,0.026314872302552358,11.22133781509372,0.0053928602717622665
image_0416.png,210608363000000.0,11,-0.0356126960738128,-0.0019566087414204,4.088758926542676,0.0004592811639214,0.195849291351932,9.412316784224774e-05,0.0,0.0,4.0,0.0,0.0,0.0,0.06168299899435245,11.22136862484184,0.026314872302552358,11.22133781509372,0.0053928602717622665
image_0417.png,210608662000000.0,11,-0.0356126960738128,-0.0019566087414204,4.088758926542676,0.0004592811639214,0.195849291351932,9.412316784224774e-05,0.0,0.0,4.0,0.0,0.0,0.0,0.06168299899435245,11.22136862484184,0.026314872302552358,11.22133781509372,0.0053928602717622665
image_0418.png,210609028000000.0,11,-0.0356126960738128,-0.0019566087414204,4.088758926542676,0.0004592811639214,0.195849291351932,9.412316784224774e-05,0.0,0.0,4.0,0.0,0.0,0.0,0.06168299899435245,11.22136862484184,0.026314872302552358,11.22133781509372,0.0053928602717622665
image_0419.png,210609259000000.0,11,-0.0356126960738128,-0.0019566087414204,4.088758926542676,0.0004592811639214,0.195849291351932,9.412316784224774e-05,0.0,0.0,4.0,0.0,0.0,0.0,0.06168299899435245,11.22136862484184,0.026314872302552358,11.22133781509372,0.0053928602717622665
image_0420.png,210609548000000.0,11,-0.0356126960738128,-0.0019566087414204,4.088758926542676,0.0004592811639214,0.195849291351932,9.412316784224774e-05,0.0,0.0,4.0,0.0,0.0,0.0,0.06168299899435245,11.22136862484184,0.026314872302552358,11.22133781509372,0.0053928602717622665
image_0421.png,210609833000000.0,11,-0.0356126960738128,-0.0019566087414204,4.088758926542676,0.0004592811639214,0.195849291351932,9.412316784224774e-05,0.0,0.0,4.0,0.0,0.0,0.0,0.06168299899435245,11.22136862484184,0.026314872302552358,11.22133781509372,0.0053928602717622665
image_0422.png,210610001000000.0,11,-0.0356126960738128,-0.0019566087414204,4.088758926542676,0.0004592811639214,0.195849291351932,9.412316784224774e-05,0.0,0.0,4.0,0.0,0.0,0.0,0.06168299899435245,11.22136862484184,0.026314872302552358,11.22133781509372,0.0053928602717622665
image_0423.png,210610217000000.0,11,-0.0356126960738128,-0.0019566087414204,4.088758926542676,0.0004592811639214,0.195849291351932,9.412316784224774e-05,0.0,0.0,4.0,0.0,0.0,0.0,0.06168299899435245,11.22136862484184,0.026314872302552358,11.22133781509372,0.0053928602717622665
image_0427.png,210611351000000.0,11,-0.0278209980666586,-0.0009819285200522,4.628272870618146,0.0736766338031891,0.0703899302485042,0.0151653775442367,0.0,0.0,4.5,0.0,0.0,0.0,0.0481873821687282,5.879978563232842,4.221360165653629,4.033045923459544,0.8689121280072359
image_0428.png,210611577000000.0,11,-0.0278209980666586,-0.0009819285200522,4.628272870618146,0.0736766338031891,0.0703899302485042,0.0151653775442367,0.0,0.0,4.5,0.0,0.0,0.0,0.0481873821687282,5.879978563232842,4.221360165653629,4.033045923459544,0.8689121280072359
image_0429.png,210612033000000.0,11,-0.0278209980666586,-0.0009819285200522,4.628272870618146,0.0736766338031891,0.0703899302485042,0.0151653775442367,0.0,0.0,4.5,0.0,0.0,0.0,0.0481873821687282,5.879978563232842,4.221360165653629,4.033045923459544,0.8689121280072359
image_0430.png,210612381000000.0,11,-0.0278209980666586,-0.0009819285200522,4.628272870618146,0.0736766338031891,0.0703899302485042,0.0151653775442367,0.0,0.0,4.5,0.0,0.0,0.0,0.0481873821687282,5.879978563232842,4.221360165653629,4.033045923459544,0.8689121280072359
image_0431.png,210612677000000.0,11,-0.0278209980666586,-0.0009819285200522,4.628272870618146,0.0736766338031891,0.0703899302485042,0.0151653775442367,0.0,0.0,4.5,0.0,0.0,0.0,0.0481873821687282,5.879978563232842,4.221360165653629,4.033045923459544,0.8689121280072359
image_0432.png,210613020000000.0,11,-0.0278209980666586,-0.0009819285200522,4.628272870618146,0.0736766338031891,0.0703899302485042,0.0151653775442367,0.0,0.0,4.5,0.0,0.0,0.0,0.0481873821687282,5.879978563232842,4.221360165653629,4.033045923459544,0.8689121280072359
image_0433.png,210613227000000.0,11,-0.0278209980666586,-0.0009819285200522,4.628272870618146,0.0736766338031891,0.0703899302485042,0.0151653775442367,0.0,0.0,4.5,0.0,0.0,0.0,0.0481873821687282,5.879978563232842,4.221360165653629,4.033045923459544,0.8689121280072359
image_0434.png,210613457000000.0,11,-0.0278209980666586,-0.0009819285200522,4.628272870618146,0.0736766338031891,0.0703899302485042,0.0151653775442367,0.0,0.0,4.5,0.0,0.0,0.0,0.0481873821687282,5.879978563232842,4.221360165653629,4.033045923459544,0.8689121280072359
image_0435.png,210613953000000.0,11,-0.0278209980666586,-0.0009819285200522,4.628272870618146,0.0736766338031891,0.0703899302485042,0.0151653775442367,0.0,0.0,4.5,0.0,0.0,0.0,0.0481873821687282,5.879978563232842,4.221360165653629,4.033045923459544,0.8689121280072359
image_0436.png,210614215000000.0,11,-0.0278209980666586,-0.0009819285200522,4.628272870618146,0.0736766338031891,0.0703899302485042,0.0151653775442367,0.0,0.0,4.5,0.0,0.0,0.0,0.0481873821687282,5.879978563232842,4.221360165653629,4.033045923459544,0.8689121280072359
image_0458.png,210616123000000.0,11,-0.0195306513740914,-0.0009367546910922,5.065942221672211,0.1779220905649847,0.0808039295519338,0.014331651110395,0.0,0.0,5.0,0.0,0.0,0.0,0.03382808048484121,11.19352059693745,10.194184871518027,4.629724131398238,0.8211431220796134
image_0459.png,210616420000000.0,11,-0.0195306513740914,-0.0009367546910922,5.065942221672211,0.1779220905649847,0.0808039295519338,0.014331651110395,0.0,0.0,5.0,0.0,0.0,0.0,0.03382808048484121,11.19352059693745,10.194184871518027,4.629724131398238,0.8211431220796134
image_0460.png,210616827000000.0,11,-0.0195306513740914,-0.0009367546910922,5.065942221672211,0.1779220905649847,0.0808039295519338,0.014331651110395,0.0,0.0,5.0,0.0,0.0,0.0,0.03382808048484121,11.19352059693745,10.194184871518027,4.629724131398238,0.8211431220796134
image_0461.png,210617018000000.0,11,-0.0195306513740914,-0.0009367546910922,5.065942221672211,0.1779220905649847,0.0808039295519338,0.014331651110395,0.0,0.0,5.0,0.0,0.0,0.0,0.03382808048484121,11.19352059693745,10.194184871518027,4.629724131398238,0.8211431220796134
image_0462.png,210617218000000.0,11,-0.0195306513740914,-0.0009367546910922,5.065942221672211,0.1779220905649847,0.0808039295519338,0.014331651110395,0.0,0.0,5.0,0.0,0.0,0.0,0.03382808048484121,11.19352059693745,10.194184871518027,4.629724131398238,0.8211431220796134
image_0463.png,210617483000000.0,11,-0.0195306513740914,-0.0009367546910922,5.065942221672211,0.1779220905649847,0.0808039295519338,0.014331651110395,0.0,0.0,5.0,0.0,0.0,0.0,0.03382808048484121,11.19352059693745,10.194184871518027,4.629724131398238,0.8211431220796134
image_0464.png,210617647000000.0,11,-0.0195306513740914,-0.0009367546910922,5.065942221672211,0.1779220905649847,0.0808039295519338,0.014331651110395,0.0,0.0,5.0,0.0,0.0,0.0,0.03382808048484121,11.19352059693745,10.194184871518027,4.629724131398238,0.8211431220796134
image_0465.png,210617918000000.0,11,-0.0195306513740914,-0.0009367546910922,5.065942221672211,0.1779220905649847,0.0808039295519338,0.014331651110395,0.0,0.0,5.0,0.0,0.0,0.0,0.03382808048484121,11.19352059693745,10.194184871518027,4.629724131398238,0.8211431220796134
image_0466.png,210618148000000.0,11,-0.0195306513740914,-0.0009367546910922,5.065942221672211,0.1779220905649847,0.0808039295519338,0.014331651110395,0.0,0.0,5.0,0.0,0.0,0.0,0.03382808048484121,11.19352059693745,10.194184871518027,4.629724131398238,0.8211431220796134
image_0490.png,210620647000000.0,11,-0.0109090913455989,-1.9742806645047372e-22,5.6966296766636,-6.286733982260656e-33,1.2061087684145375e-09,-1.3306004557484704e-22,0.0,0.0,5.5,0.0,0.0,0.0,0.018895100474987225,-6.91049420638746e-08,-3.6020332410500915e-31,6.910494206387462e-08,-7.623779033257122e-21
image_0491.png,210621068000000.0,11,-0.0109090913455989,-1.9742806645047372e-22,5.6966296766636,-6.286733982260656e-33,1.2061087684145375e-09,-1.3306004557484704e-22,0.0,0.0,5.5,0.0,0.0,0.0,0.018895100474987225,-6.91049420638746e-08,-3.6020332410500915e-31,6.910494206387462e-08,-7.623779033257122e-21
image_0492.png,210621654000000.0,11,-0.0109090913455989,-1.9742806645047372e-22,5.6966296766636,-6.286733982260656e-33,1.2061087684145375e-09,-1.3306004557484704e-22,0.0,0.0,5.5,0.0,0.0,0.0,0.018895100474987225,-6.91049420638746e-08,-3.6020332410500915e-31,6.910494206387462e-08,-7.623779033257122e-21
image_0493.png,210622028000000.0,11,-0.0109090913455989,-1.9742806645047372e-22,5.6966296766636,-6.286733982260656e-33,1.2061087684145375e-09,-1.3306004557484704e-22,0.0,0.0,5.5,0.0,0.0,0.0,0.018895100474987225,-6.91049420638746e-08,-3.6020332410500915e-31,6.910494206387462e-08,-7.623779033257122e-21
image_0494.png,210622404000000.0,11,-0.0109090913455989,-1.9742806645047372e-22,5.6966296766636,-6.286733982260656e-33,1.2061087684145375e-09,-1.3306004557484704e-22,0.0,0.0,5.5,0.0,0.0,0.0,0.018895100474987225,-6.91049420638746e-08,-3.6020332410500915e-31,6.910494206387462e-08,-7.623779033257122e-21
image_0518.png,210623534000000.0,11,-0.0032022795822116,-0.0013660138526689,6.137558868871248,0.0836702178953128,0.2060097922701742,0.0169474720168965,0.0,0.0,6.0,0.0,0.0,0.0,0.005546510936430929,12.735896016956913,4.793950356341397,11.803491635447795,0.9710186199842347
image_0519.png,210623883000000.0,11,-0.0032022795822116,-0.0013660138526689,6.137558868871248,0.0836702178953128,0.2060097922701742,0.0169474720168965,0.0,0.0,6.0,0.0,0.0,0.0,0.005546510936430929,12.735896016956913,4.793950356341397,11.803491635447795,0.9710186199842347
image_0520.png,210624101000000.0,11,-0.0032022795822116,-0.0013660138526689,6.137558868871248,0.0836702178953128,0.2060097922701742,0.0169474720168965,0.0,0.0,6.0,0.0,0.0,0.0,0.005546510936430929,12.735896016956913,4.793950356341397,11.803491635447795,0.9710186199842347
image_0521.png,210624510000000.0,11,-0.0032022795822116,-0.0013660138526689,6.137558868871248,0.0836702178953128,0.2060097922701742,0.0169474720168965,0.0,0.0,6.0,0.0,0.0,0.0,0.005546510936430929,12.735896016956913,4.793950356341397,11.803491635447795,0.9710186199842347
image_0522.png,210624757000000.0,11,-0.0032022795822116,-0.0013660138526689,6.137558868871248,0.0836702178953128,0.2060097922701742,0.0169474720168965,0.0,0.0,6.0,0.0,0.0,0.0,0.005546510936430929,12.735896016956913,4.793950356341397,11.803491635447795,0.9710186199842347
image_0523.png,210625114000000.0,11,-0.0032022795822116,-0.0013660138526689,6.137558868871248,0.0836702178953128,0.2060097922701742,0.0169474720168965,0.0,0.0,6.0,0.0,0.0,0.0,0.005546510936430929,12.735896016956913,4.793950356341397,11.803491635447795,0.9710186199842347
image_0524.png,210625302000000.0,11,-0.0032022795822116,-0.0013660138526689,6.137558868871248,0.0836702178953128,0.2060097922701742,0.0169474720168965,0.0,0.0,6.0,0.0,0.0,0.0,0.005546510936430929,12.735896016956913,4.793950356341397,11.803491635447795,0.9710186199842347
image_0525.png,210625847000000.0,11,-0.0032022795822116,-0.0013660138526689,6.137558868871248,0.0836702178953128,0.2060097922701742,0.0169474720168965,0.0,0.0,6.0,0.0,0.0,0.0,0.005546510936430929,12.735896016956913,4.793950356341397,11.803491635447795,0.9710186199842347
image_0526.png,210626342000000.0,11,-0.0032022795822116,-0.0013660138526689,6.137558868871248,0.0836702178953128,0.2060097922701742,0.0169474720168965,0.0,0.0,6.0,0.0,0.0,0.0,0.005546510936430929,12.735896016956913,4.793950356341397,11.803491635447795,0.9710186199842347
image_0548.png,210627870000000.0,11,0.0045615379695607,-0.0033125276087904,6.687686792999258,-0.0944090594840787,0.2064975018542028,-0.0007346928119368,0.0,0.0,6.5,0.0,0.0,0.0,0.007900815523933707,13.003592921617297,-5.409240656237246,11.83143533624071,-0.04209479736257709
image_0549.png,210627870000000.0,11,0.0045615379695607,-0.0033125276087904,6.687686792999258,-0.0944090594840787,0.2064975018542028,-0.0007346928119368,0.0,0.0,6.5,0.0,0.0,0.0,0.007900815523933707,13.003592921617297,-5.409240656237246,11.83143533624071,-0.04209479736257709
image_0550.png,210627870000000.0,11,0.0045615379695607,-0.0033125276087904,6.687686792999258,-0.0944090594840787,0.2064975018542028,-0.0007346928119368,0.0,0.0,6.5,0.0,0.0,0.0,0.007900815523933707,13.003592921617297,-5.409240656237246,11.83143533624071,-0.04209479736257709
image_0551.png,210627870000000.0,11,0.0045615379695607,-0.0033125276087904,6.687686792999258,-0.0944090594840787,0.2064975018542028,-0.0007346928119368,0.0,0.0,6.5,0.0,0.0,0.0,0.007900815523933707,13.003592921617297,-5.409240656237246,11.83143533624071,-0.04209479736257709
image_0552.png,210628113000000.0,11,0.0045615379695607,-0.0033125276087904,6.687686792999258,-0.0944090594840787,0.2064975018542028,-0.0007346928119368,0.0,0.0,6.5,0.0,0.0,0.0,0.007900815523933707,13.003592921617297,-5.409240656237246,11.83143533624071,-0.04209479736257709
image_0553.png,210628455000000.0,11,0.0045615379695607,-0.0033125276087904,6.687686792999258,-0.0944090594840787,0.2064975018542028,-0.0007346928119368,0.0,0.0,6.5,0.0,0.0,0.0,0.007900815523933707,13.003592921617297,-5.409240656237246,11.83143533624071,-0.04209479736257709
image_0554.png,210628791000000.0,11,0.0045615379695607,-0.0033125276087904,6.687686792999258,-0.0944090594840787,0.2064975018542028,-0.0007346928119368,0.0,0.0,6.5,0.0,0.0,0.0,0.007900815523933707,13.003592921617297,-5.409240656237246,11.83143533624071,-0.04209479736257709
image_0555.png,210629128000000.0,11,0.0045615379695607,-0.0033125276087904,6.687686792999258,-0.0944090594840787,0.2064975018542028,-0.0007346928119368,0.0,0.0,6.5,0.0,0.0,0.0,0.007900815523933707,13.003592921617297,-5.409240656237246,11.83143533624071,-0.04209479736257709
image_0556.png,210629536000000.0,11,0.0045615379695607,-0.0033125276087904,6.687686792999258,-0.0944090594840787,0.2064975018542028,-0.0007346928119368,0.0,0.0,6.5,0.0,0.0,0.0,0.007900815523933707,13.003592921617297,-5.409240656237246,11.83143533624071,-0.04209479736257709
image_0557.png,210629956000000.0,11,0.0045615379695607,-0.0033125276087904,6.687686792999258,-0.0944090594840787,0.2064975018542028,-0.0007346928119368,0.0,0.0,6.5,0.0,0.0,0.0,0.007900815523933707,13.003592921617297,-5.409240656237246,11.83143533624071,-0.04209479736257709
image_0558.png,210630283000000.0,11,0.0045615379695607,-0.0033125276087904,6.687686792999258,-0.0944090594840787,0.2064975018542028,-0.0007346928119368,0.0,0.0,6.5,0.0,0.0,0.0,0.007900815523933707,13.003592921617297,-5.409240656237246,11.83143533624071,-0.04209479736257709
image_0584.png,210631982000000.0,11,0.0118314233295782,-0.0035526380413924,7.199983863283626,-0.0971319336120539,0.2155802940142195,-0.0007157209030673,0.0,0.0,7.0,0.0,0.0,0.0,0.020492626332685178,13.541506297302082,-5.565249851915591,12.351840993204183,-0.041007787055048435
image_0585.png,210632474000000.0,11,0.0118314233295782,-0.0035526380413924,7.199983863283626,-0.0971319336120539,0.2155802940142195,-0.0007157209030673,0.0,0.0,7.0,0.0,0.0,0.0,0.020492626332685178,13.541506297302082,-5.565249851915591,12.351840993204183,-0.041007787055048435
image_0586.png,210632921000000.0,11,0.0118314233295782,-0.0035526380413924,7.199983863283626,-0.0971319336120539,0.2155802940142195,-0.0007157209030673,0.0,0.0,7.0,0.0,0.0,0.0,0.020492626332685178,13.541506297302082,-5.565249851915591,12.351840993204183,-0.041007787055048435
image_0587.png,210633300000000.0,11,0.0118314233295782,-0.0035526380413924,7.199983863283626,-0.0971319336120539,0.2155802940142195,-0.0007157209030673,0.0,0.0,7.0,0.0,0.0,0.0,0.020492626332685178,13.541506297302082,-5.565249851915591,12.351840993204183,-0.041007787055048435
image_0588.png,210633683000000.0,11,0.0118314233295782,-0.0035526380413924,7.199983863283626,-0.0971319336120539,0.2155802940142195,-0.0007157209030673,0.0,0.0,7.0,0.0,0.0,0.0,0.020492626332685178,13.541506297302082,-5.565249851915591,12.351840993204183,-0.041007787055048435
image_0589.png,210634164000000.0,11,0.0118314233295782,-0.0035526380413924,7.199983863283626,-0.0971319336120539,0.2155802940142195,-0.0007157209030673,0.0,0.0,7.0,0.0,0.0,0.0,0.020492626332685178,13.541506297302082,-5.565249851915591,12.351840993204183,-0.041007787055048435
image_0616.png,210636266000000.0,11,0.022235936272458,-0.0034684762982999,7.672369065298065,0.2033105175375185,-0.1999978624997491,1.8023054860152733e-05,0.0,0.0,7.5,0.0,0.0,0.0,0.038513771377760964,16.32649013019444,11.648834585520317,-11.459033432873383,0.0010326449774194979
image_0617.png,210636620000000.0,11,0.022235936272458,-0.0034684762982999,7.672369065298065,0.2033105175375185,-0.1999978624997491,1.8023054860152733e-05,0.0,0.0,7.5,0.0,0.0,0.0,0.038513771377760964,16.32649013019444,11.648834585520317,-11.459033432873383,0.0010326449774194979
image_0618.png,210636933000000.0,11,0.022235936272458,-0.0034684762982999,7.672369065298065,0.2033105175375185,-0.1999978624997491,1.8023054860152733e-05,0.0,0.0,7.5,0.0,0.0,0.0,0.038513771377760964,16.32649013019444,11.648834585520317,-11.459033432873383,0.0010326449774194979
image_0619.png,210637258000000.0,11,0.022235936272458,-0.0034684762982999,7.672369065298065,0.2033105175375185,-0.1999978624997491,1.8023054860152733e-05,0.0,0.0,7.5,0.0,0.0,0.0,0.038513771377760964,16.32649013019444,11.648834585520317,-11.459033432873383,0.0010326449774194979
image_0620.png,210637499000000.0,11,0.022235936272458,-0.0034684762982999,7.672369065298065,0.2033105175375185,-0.1999978624997491,1.8023054860152733e-05,0.0,0.0,7.5,0.0,0.0,0.0,0.038513771377760964,16.32649013019444,11.648834585520317,-11.459033432873383,0.0010326449774194979
image_0621.png,210637750000000.0,11,0.022235936272458,-0.0034684762982999,7.672369065298065,0.2033105175375185,-0.1999978624997491,1.8023054860152733e-05,0.0,0.0,7.5,0.0,0.0,0.0,0.038513771377760964,16.32649013019444,11.648834585520317,-11.459033432873383,0.0010326449774194979
image_0622.png,210638043000000.0,11,0.022235936272458,-0.0034684762982999,7.672369065298065,0.2033105175375185,-0.1999978624997491,1.8023054860152733e-05,0.0,0.0,7.5,0.0,0.0,0.0,0.038513771377760964,16.32649013019444,11.648834585520317,-11.459033432873383,0.0010326449774194979
image_0623.png,210638262000000.0,11,0.022235936272458,-0.0034684762982999,7.672369065298065,0.2033105175375185,-0.1999978624997491,1.8023054860152733e-05,0.0,0.0,7.5,0.0,0.0,0.0,0.038513771377760964,16.32649013019444,11.648834585520317,-11.459033432873383,0.0010326449774194979
