image_file,time,tag_id,tag_tx,tag_ty,tag_tz,tag_rx,tag_ry,tag_rz,gripper_tx,gripper_ty,gripper_tz,gripper_rx,gripper_ry,gripper_rz,E_3D,angleSolide,Erx,Ery,Erz,distance_from_camera,error_3d,error_angular,mean_3d_error,mean_angular_error
image_0013.jpg,184476000000,11,-0.0026418993854504,-0.0036069243968893,2.0066945103968936,-0.0607347284839452,-3.081401918735052,-3.1380604071698786,0.0,0.0,2.0,0.0,0.0,0.0,0.004575903964085086,176.52782793607247,176.52015638799696,-3.448675072967641,0.2023828120613063,2.0,0.008050217725119935,3.0809918188784904,0.008050217725119935,3.0809918188784904
image_0014.jpg,184617000000,11,-0.0027213029198852,-0.0031195220094339,1.999837725879932,-0.0615136971998753,-3.0601507764422946,-3.1414261111696105,0.0,0.0,2.0,0.0,0.0,0.0,0.004713434920026704,176.4788358892045,176.47552476820144,-4.666275836174613,0.009542177786367703,2.0,0.004142854093395284,3.0801367463533533,0.0060965359092576095,3.0805642826159216
image_0015.jpg,184852000000,11,-0.0027213029198852,-0.0031195220094339,1.999837725879932,-0.0615136971998753,-3.0601507764422946,-3.1414261111696105,0.0,0.0,2.0,0.0,0.0,0.0,0.004713434920026704,176.4788358892045,176.47552476820144,-4.666275836174613,0.009542177786367703,2.0,0.004142854093395284,3.0801367463533533,0.005445308637303501,3.080421770528399
image_0016.jpg,184972000000,11,-0.0027213029198852,-0.0031195220094339,1.999837725879932,-0.0615136971998753,-3.0601507764422946,-3.1414261111696105,0.0,0.0,2.0,0.0,0.0,0.0,0.004713434920026704,176.4788358892045,176.47552476820144,-4.666275836174613,0.009542177786367703,2.0,0.004142854093395284,3.0801367463533533,0.005119695001326446,3.0803505144846377
image_0017.jpg,185125000000,11,-0.0027213029198852,-0.0031195220094339,1.999837725879932,-0.0615136971998753,-3.0601507764422946,-3.1414261111696105,0.0,0.0,2.0,0.0,0.0,0.0,0.004713434920026704,176.4788358892045,176.47552476820144,-4.666275836174613,0.009542177786367703,2.0,0.004142854093395284,3.0801367463533533,0.004924326819740215,3.0803077608583807
image_0018.jpg,185339000000,11,-0.0027213029198852,-0.0031195220094339,1.999837725879932,-0.0615136971998753,-3.0601507764422946,-3.1414261111696105,0.0,0.0,2.0,0.0,0.0,0.0,0.004713434920026704,176.4788358892045,176.47552476820144,-4.666275836174613,0.009542177786367703,2.0,0.004142854093395284,3.0801367463533533,0.004794081365349393,3.0802792584408762
image_0019.jpg,185500000000,11,-0.0027213029198852,-0.0031195220094339,1.999837725879932,-0.0615136971998753,-3.0601507764422946,-3.1414261111696105,0.0,0.0,2.0,0.0,0.0,0.0,0.004713434920026704,176.4788358892045,176.47552476820144,-4.666275836174613,0.009542177786367703,2.0,0.004142854093395284,3.0801367463533533,0.004701048897927377,3.08025889957123
image_0020.jpg,185840000000,11,-0.0027213029198852,-0.0031195220094339,1.999837725879932,-0.0615136971998753,-3.0601507764422946,-3.1414261111696105,0.0,0.0,2.0,0.0,0.0,0.0,0.004713434920026704,176.4788358892045,176.47552476820144,-4.666275836174613,0.009542177786367703,2.0,0.004142854093395284,3.0801367463533533,0.004631274547360865,3.0802436304189955
image_0021.jpg,186249000000,11,-0.0027213029198852,-0.0031195220094339,1.999837725879932,-0.0615136971998753,-3.0601507764422946,-3.1414261111696105,0.0,0.0,2.0,0.5235987901687622,0.5235987901687622,0.0,0.004713434920026704,-148.03763865993056,144.09322784513574,20.18122270351306,-17.10058316853259,2.0,0.004142854093395284,2.583744211493435,0.0045770056080313565,3.0250770283161557
image_0022.jpg,186474000000,11,-0.0027213029198852,-0.0031195220094339,1.999837725879932,-0.0615136971998753,-3.0601507764422946,-3.1414261111696105,0.0,0.0,2.0,0.5235987901687622,0.5235987901687622,0.0,0.004713434920026704,-148.03763865993056,144.09322784513574,20.18122270351306,-17.10058316853259,2.0,0.004142854093395284,2.583744211493435,0.004533590456567749,2.9809437466338835
image_0023.jpg,186613000000,11,-0.0027213029198852,-0.0031195220094339,1.999837725879932,-0.0615136971998753,-3.0601507764422946,-3.1414261111696105,0.0,0.0,2.0,0.5235987901687622,0.5235987901687622,0.0,0.004713434920026704,-148.03763865993056,144.09322784513574,20.18122270351306,-17.10058316853259,2.0,0.004142854093395284,2.583744211493435,0.004498068969006616,2.9448346979847515
image_0024.jpg,186683000000,11,-0.0027213029198852,-0.0031195220094339,1.999837725879932,-0.0615136971998753,-3.0601507764422946,-3.1414261111696105,0.0,0.0,2.0,0.5235987901687622,0.5235987901687622,0.0,0.004713434920026704,-148.03763865993056,144.09322784513574,20.18122270351306,-17.10058316853259,2.0,0.004142854093395284,2.583744211493435,0.004468467729372338,2.9147438241104755
image_0043.jpg,189517000000,11,-0.0046894148123448,-0.0004240918757479,2.013393402605819,0.5231348626000027,-2.612205042793524,-3.1403945121168904,0.0,0.0,2.0,0.5235987901687622,0.5235987901687622,0.0,0.008122304712747266,179.977217364862,179.97705703718105,-0.33167765128271126,0.055357681141501684,2.0,0.014196960891785132,3.141195021594355,0.005216813357250246,2.9321631469938505
image_0044.jpg,189728000000,11,-0.0046894148123448,-0.0004240918757479,2.013393402605819,0.5231348626000027,-2.612205042793524,-3.1403945121168904,0.0,0.0,2.0,0.5235987901687622,0.5235987901687622,0.0,0.008122304712747266,179.977217364862,179.97705703718105,-0.33167765128271126,0.055357681141501684,2.0,0.014196960891785132,3.141195021594355,0.00585825246685988,2.9470939951796007
image_0045.jpg,189862000000,11,-0.0046894148123448,-0.0004240918757479,2.013393402605819,0.5231348626000027,-2.612205042793524,-3.1403945121168904,0.0,0.0,2.0,0.5235987901687622,0.5235987901687622,0.0,0.008122304712747266,179.977217364862,179.97705703718105,-0.33167765128271126,0.055357681141501684,2.0,0.014196960891785132,3.141195021594355,0.0064141663618548965,2.9600340636072513
image_0046.jpg,190086000000,11,-0.0046894148123448,-0.0004240918757479,2.013393402605819,0.5231348626000027,-2.612205042793524,-3.1403945121168904,0.0,0.0,2.0,0.7853981852531433,0.0,0.7853981852531433,0.008122304712747266,155.08248983070467,148.27594680825342,-11.470162303389998,44.243059016884544,2.0,0.014196960891785132,2.70670005973642,0.006900591019975537,2.9442006883653242
image_0047.jpg,190136000000,11,-0.0046894148123448,-0.0004240918757479,2.013393402605819,0.5231348626000027,-2.612205042793524,-3.1403945121168904,0.0,0.0,2.0,0.7853981852531433,0.0,0.7853981852531433,0.008122304712747266,155.08248983070467,148.27594680825342,-11.470162303389998,44.243059016884544,2.0,0.014196960891785132,2.70670005973642,0.007329789247729042,2.930230063151859
image_0048.jpg,190153000000,11,-0.0046894148123448,-0.0004240918757479,2.013393402605819,0.5231348626000027,-2.612205042793524,-3.1403945121168904,0.0,0.0,2.0,0.7853981852531433,0.0,0.7853981852531433,0.008122304712747266,155.08248983070467,148.27594680825342,-11.470162303389998,44.243059016884544,2.0,0.014196960891785132,2.70670005973642,0.007711298783509937,2.917811729628779
image_0049.jpg,190274000000,11,-0.0046894148123448,-0.0004240918757479,2.013393402605819,0.5231348626000027,-2.612205042793524,-3.1403945121168904,0.0,0.0,2.0,0.7853981852531433,0.0,0.7853981852531433,0.008122304712747266,155.08248983070467,148.27594680825342,-11.470162303389998,44.243059016884544,2.0,0.014196960891785132,2.70670005973642,0.008052649420787579,2.906700589108129
image_0053.jpg,191226000000,11,-0.0043281803409227,-4.6411767326702815e-05,2.022968668798236,0.7788539339987484,-3.1309731093584543,-2.359994067456774,0.0,0.0,2.0,0.7853981852531433,0.0,0.7853981852531433,0.007496628254798902,179.6238920488718,179.30462693686067,-0.1651163433875079,89.78131252815491,2.0,0.0233729554288446,3.1350283314996763,0.008818664721190429,2.918116976227706
image_0054.jpg,191410000000,11,-0.0043281803409227,-4.6411767326702815e-05,2.022968668798236,0.7788539339987484,-3.1309731093584543,-2.359994067456774,0.0,0.0,2.0,0.7853981852531433,0.0,0.7853981852531433,0.007496628254798902,179.6238920488718,179.30462693686067,-0.1651163433875079,89.78131252815491,2.0,0.0233729554288446,3.1350283314996763,0.009511726183459676,2.9284460883835144
image_0055.jpg,191767000000,11,-0.0043281803409227,-4.6411767326702815e-05,2.022968668798236,0.7788539339987484,-3.1309731093584543,-2.359994067456774,0.0,0.0,2.0,0.7853981852531433,0.0,0.7853981852531433,0.007496628254798902,179.6238920488718,179.30462693686067,-0.1651163433875079,89.78131252815491,2.0,0.0233729554288446,3.1350283314996763,0.0101417820582499,2.93783619034334
image_0056.jpg,192004000000,11,-0.0043281803409227,-4.6411767326702815e-05,2.022968668798236,0.7788539339987484,-3.1309731093584543,-2.359994067456774,0.0,0.0,2.0,0.7853981852531433,0.0,0.7853981852531433,0.007496628254798902,179.6238920488718,179.30462693686067,-0.1651163433875079,89.78131252815491,2.0,0.0233729554288446,3.1350283314996763,0.010717050465667061,2.946409761697963
image_0057.jpg,192315000000,11,-0.0043281803409227,-4.6411767326702815e-05,2.022968668798236,0.7788539339987484,-3.1309731093584543,-2.359994067456774,0.0,0.0,2.0,0.7853981852531433,0.0,0.7853981852531433,0.007496628254798902,179.6238920488718,179.30462693686067,-0.1651163433875079,89.78131252815491,2.0,0.0233729554288446,3.1350283314996763,0.01124437983913279,2.9542688687730347
image_0058.jpg,192580000000,11,-0.0043281803409227,-4.6411767326702815e-05,2.022968668798236,0.7788539339987484,-3.1309731093584543,-2.359994067456774,0.0,0.0,2.0,0.7853981852531433,0.0,0.7853981852531433,0.007496628254798902,179.6238920488718,179.30462693686067,-0.1651163433875079,89.78131252815491,2.0,0.0233729554288446,3.1350283314996763,0.011729522862721262,2.9614992472821
image_0059.jpg,192898000000,11,-0.0043281803409227,-4.6411767326702815e-05,2.022968668798236,0.7788539339987484,-3.1309731093584543,-2.359994067456774,0.0,0.0,2.0,0.7853981852531433,0.0,0.7853981852531433,0.007496628254798902,179.6238920488718,179.30462693686067,-0.1651163433875079,89.78131252815491,2.0,0.0233729554288446,3.1350283314996763,0.012177347192187545,2.96817344282893
image_0060.jpg,193130000000,11,-0.0043281803409227,-4.6411767326702815e-05,2.022968668798236,0.7788539339987484,-3.1309731093584543,-2.359994067456774,0.0,0.0,2.0,0.7853981852531433,0.0,0.7853981852531433,0.007496628254798902,179.6238920488718,179.30462693686067,-0.1651163433875079,89.78131252815491,2.0,0.0233729554288446,3.1350283314996763,0.012591999349100769,2.974353253520439
image_0061.jpg,193351000000,11,-0.0043281803409227,-4.6411767326702815e-05,2.022968668798236,0.7788539339987484,-3.1309731093584543,-2.359994067456774,0.0,0.0,2.0,0.7853981852531433,0.0,0.7853981852531433,0.007496628254798902,179.6238920488718,179.30462693686067,-0.1651163433875079,89.78131252815491,2.0,0.0233729554288446,3.1350283314996763,0.012977033494805905,2.980091649162555
image_0062.jpg,193614000000,11,-0.0043281803409227,-4.6411767326702815e-05,2.022968668798236,0.7788539339987484,-3.1309731093584543,-2.359994067456774,0.0,0.0,2.0,0.7853981852531433,0.0,0.7853981852531433,0.007496628254798902,179.6238920488718,179.30462693686067,-0.1651163433875079,89.78131252815491,2.0,0.0233729554288446,3.1350283314996763,0.013335513561496894,2.985434293381076
image_0063.jpg,193765000000,11,-0.0043281803409227,-4.6411767326702815e-05,2.022968668798236,0.7788539339987484,-3.1309731093584543,-2.359994067456774,0.0,0.0,2.0,0.7853981852531433,0.0,0.7853981852531433,0.007496628254798902,179.6238920488718,179.30462693686067,-0.1651163433875079,89.78131252815491,2.0,0.0233729554288446,3.1350283314996763,0.013670094957075152,2.990420761318363
image_0064.jpg,194043000000,11,-0.0043281803409227,-4.6411767326702815e-05,2.022968668798236,0.7788539339987484,-3.1309731093584543,-2.359994067456774,0.0,0.0,2.0,0.0,0.5235987901687622,0.5235987901687622,0.007496628254798902,141.10283312086108,-128.4954203650072,-2.923971794096656,86.15053482020735,2.0,0.0233729554288446,2.462709021851132,0.013983090456164488,2.97339780198071
image_0065.jpg,194142000000,11,-0.0043281803409227,-4.6411767326702815e-05,2.022968668798236,0.7788539339987484,-3.1309731093584543,-2.359994067456774,0.0,0.0,2.0,0.0,0.5235987901687622,0.5235987901687622,0.007496628254798902,141.10283312086108,-128.4954203650072,-2.923971794096656,86.15053482020735,2.0,0.0233729554288446,2.462709021851132,0.014276523736560742,2.957438777601661
image_0066.jpg,194247000000,11,-0.0043281803409227,-4.6411767326702815e-05,2.022968668798236,0.7788539339987484,-3.1309731093584543,-2.359994067456774,0.0,0.0,2.0,0.0,0.5235987901687622,0.5235987901687622,0.007496628254798902,141.10283312086108,-128.4954203650072,-2.923971794096656,86.15053482020735,2.0,0.0233729554288446,2.462709021851132,0.014552173181781465,2.942446966821342
image_0067.jpg,194463000000,11,-0.0043281803409227,-4.6411767326702815e-05,2.022968668798236,0.7788539339987484,-3.1309731093584543,-2.359994067456774,0.0,0.0,2.0,0.0,0.5235987901687622,0.5235987901687622,0.007496628254798902,141.10283312086108,-128.4954203650072,-2.923971794096656,86.15053482020735,2.0,0.0233729554288446,2.462709021851132,0.01481160795375391,2.9283370272633946
image_0082.jpg,196839000000,11,-0.0038940718146489,-0.0047387695787627,2.0138455016650147,-0.0105503591230786,-2.624763853702445,-2.625417783820449,0.0,0.0,2.0,0.0,0.5235987901687622,0.5235987901687622,0.0067447302312938304,-179.47691934299525,179.73811474146976,0.5974965653459589,59.27280127796783,2.0,0.01514323772428393,3.132463173871565,0.014821083090054768,2.9341692028807707
image_0083.jpg,197161000000,11,-0.0038940718146489,-0.0047387695787627,2.0138455016650147,-0.0105503591230786,-2.624763853702445,-2.625417783820449,0.0,0.0,2.0,0.0,0.5235987901687622,0.5235987901687622,0.0067447302312938304,-179.47691934299525,179.73811474146976,0.5974965653459589,59.27280127796783,2.0,0.01514323772428393,3.132463173871565,0.014830031829894468,2.939677368741626
image_0084.jpg,197350000000,11,-0.0038940718146489,-0.0047387695787627,2.0138455016650147,-0.0105503591230786,-2.624763853702445,-2.625417783820449,0.0,0.0,2.0,0.0,0.5235987901687622,0.5235987901687622,0.0067447302312938304,-179.47691934299525,179.73811474146976,0.5974965653459589,59.27280127796783,2.0,0.01514323772428393,3.132463173871565,0.014838496854067157,2.9448877959073
image_0085.jpg,197515000000,11,-0.0038940718146489,-0.0047387695787627,2.0138455016650147,-0.0105503591230786,-2.624763853702445,-2.625417783820449,0.0,0.0,2.0,0.0,0.5235987901687622,0.5235987901687622,0.0067447302312938304,-179.47691934299525,179.73811474146976,0.5974965653459589,59.27280127796783,2.0,0.01514323772428393,3.132463173871565,0.014846516350651809,2.9498239900642544
image_0086.jpg,197799000000,11,-0.0038940718146489,-0.0047387695787627,2.0138455016650147,-0.0105503591230786,-2.624763853702445,-2.625417783820449,0.0,0.0,2.0,0.0,0.5235987901687622,0.5235987901687622,0.0067447302312938304,-179.47691934299525,179.73811474146976,0.5974965653459589,59.27280127796783,2.0,0.01514323772428393,3.132463173871565,0.01485412459100135,2.954507046059314
image_0087.jpg,198060000000,11,-0.0038940718146489,-0.0047387695787627,2.0138455016650147,-0.0105503591230786,-2.624763853702445,-2.625417783820449,0.0,0.0,2.0,-0.7853981852531433,0.7853981852531433,0.0,0.0067447302312938304,149.98824635307352,-142.35968286432717,5.155415401258712,59.35698203897207,2.0,0.01514323772428393,2.6177887381535108,0.014861352419333415,2.946089088361669
image_0088.jpg,198146000000,11,-0.0038940718146489,-0.0047387695787627,2.0138455016650147,-0.0105503591230786,-2.624763853702445,-2.625417783820449,0.0,0.0,2.0,-0.7853981852531433,0.7853981852531433,0.0,0.0067447302312938304,149.98824635307352,-142.35968286432717,5.155415401258712,59.35698203897207,2.0,0.01514323772428393,2.6177887381535108,0.014868227670673669,2.9380817627468354
image_0089.jpg,198310000000,11,-0.0038940718146489,-0.0047387695787627,2.0138455016650147,-0.0105503591230786,-2.624763853702445,-2.625417783820449,0.0,0.0,2.0,-0.7853981852531433,0.7853981852531433,0.0,0.0067447302312938304,149.98824635307352,-142.35968286432717,5.155415401258712,59.35698203897207,2.0,0.01514323772428393,2.6177887381535108,0.014874775529092962,2.9304557383517564
image_0090.jpg,198510000000,11,-0.0038940718146489,-0.0047387695787627,2.0138455016650147,-0.0105503591230786,-2.624763853702445,-2.625417783820449,0.0,0.0,2.0,-0.7853981852531433,0.7853981852531433,0.0,0.0067447302312938304,149.98824635307352,-142.35968286432717,5.155415401258712,59.35698203897207,2.0,0.01514323772428393,2.6177887381535108,0.014881018835957868,2.923184412765751
image_0103.jpg,200947000000,11,-0.0048474302483165,-0.0062327429688522,2.0097213531981706,-0.785751550494985,-2.3559829609094467,-3.139917614841289,0.0,0.0,2.0,-0.7853981852531433,0.7853981852531433,0.0,0.008395995476230397,179.9856953467422,179.9856867062947,-0.012120271124040856,0.0816563281502417,2.0,0.012523951969392554,3.141342990292088,0.01482744913444502,2.928142562254986
image_0104.jpg,201393000000,11,-0.0048474302483165,-0.0062327429688522,2.0097213531981706,-0.785751550494985,-2.3559829609094467,-3.139917614841289,0.0,0.0,2.0,-0.7853981852531433,0.7853981852531433,0.0,0.008395995476230397,179.9856953467422,179.9856867062947,-0.012120271124040856,0.0816563281502417,2.0,0.012523951969392554,3.141342990292088,0.014776260308554964,2.9328803495446993
image_0105.jpg,201665000000,11,-0.0048474302483165,-0.0062327429688522,2.0097213531981706,-0.785751550494985,-2.3559829609094467,-3.139917614841289,0.0,0.0,2.0,-0.7853981852531433,0.7853981852531433,0.0,0.008395995476230397,179.9856953467422,179.9856867062947,-0.012120271124040856,0.0816563281502417,2.0,0.012523951969392554,3.141342990292088,0.014727297083790565,2.937412146082686
image_0106.jpg,201970000000,11,-0.0048474302483165,-0.0062327429688522,2.0097213531981706,-0.785751550494985,-2.3559829609094467,-3.139917614841289,0.0,0.0,2.0,-0.7853981852531433,0.7853981852531433,0.0,0.008395995476230397,179.9856953467422,179.9856867062947,-0.012120271124040856,0.0816563281502417,2.0,0.012523951969392554,3.141342990292088,0.014680417400505501,2.941751100214801
image_0107.jpg,202075000000,11,-0.0048474302483165,-0.0062327429688522,2.0097213531981706,-0.785751550494985,-2.3559829609094467,-3.139917614841289,0.0,0.0,2.0,0.0,-0.5235987901687622,0.7853981852531433,0.008395995476230397,111.11162845374774,94.69617590997181,-14.843375147623414,50.97361815095923,2.0,0.012523951969392554,1.9392637537705144,0.014635491037357314,2.9208659471638785
image_0108.jpg,202151000000,11,-0.0048474302483165,-0.0062327429688522,2.0097213531981706,-0.785751550494985,-2.3559829609094467,-3.139917614841289,0.0,0.0,2.0,0.0,-0.5235987901687622,0.7853981852531433,0.008395995476230397,111.11162845374774,94.69617590997181,-14.843375147623414,50.97361815095923,2.0,0.012523951969392554,1.9392637537705144,0.014592398403317218,2.900833249339524
image_0109.jpg,202151000000,11,-0.0048474302483165,-0.0062327429688522,2.0097213531981706,-0.785751550494985,-2.3559829609094467,-3.139917614841289,0.0,0.0,2.0,0.0,-0.5235987901687622,0.7853981852531433,0.008395995476230397,111.11162845374774,94.69617590997181,-14.843375147623414,50.97361815095923,2.0,0.012523951969392554,1.9392637537705144,0.014551029474638724,2.881601859428143
image_0110.jpg,202151000000,11,-0.0048474302483165,-0.0062327429688522,2.0097213531981706,-0.785751550494985,-2.3559829609094467,-3.139917614841289,0.0,0.0,2.0,0.0,-0.5235987901687622,0.7853981852531433,0.008395995476230397,111.11162845374774,94.69617590997181,-14.843375147623414,50.97361815095923,2.0,0.012523951969392554,1.9392637537705144,0.0145112828568888,2.863124641670151
image_0116.jpg,203315000000,11,-0.0006741465891278,-0.0007477947156197,2.014592120467685,-0.0197693078702179,2.627572193294675,-2.346839732694504,0.0,0.0,2.0,0.0,-0.5235987901687622,0.7853981852531433,0.00116765614411861,179.01893534694364,178.9179221528054,0.3127871498405832,91.09470047680655,2.0,0.014626812718558197,3.124469845219025,0.014513504584997826,2.868150510969168
image_0117.jpg,203543000000,11,-0.0006741465891278,-0.0007477947156197,2.014592120467685,-0.0197693078702179,2.627572193294675,-2.346839732694504,0.0,0.0,2.0,0.0,-0.5235987901687622,0.7853981852531433,0.00116765614411861,179.01893534694364,178.9179221528054,0.3127871498405832,91.09470047680655,2.0,0.014626812718558197,3.124469845219025,0.014515642474310286,2.8729867248229386
image_0118.jpg,203702000000,11,-0.0006741465891278,-0.0007477947156197,2.014592120467685,-0.0197693078702179,2.627572193294675,-2.346839732694504,0.0,0.0,2.0,0.0,-0.5235987901687622,0.7853981852531433,0.00116765614411861,179.01893534694364,178.9179221528054,0.3127871498405832,91.09470047680655,2.0,0.014626812718558197,3.124469845219025,0.0145177011825371,2.8776438196450886
image_0119.jpg,203837000000,11,-0.0006741465891278,-0.0007477947156197,2.014592120467685,-0.0197693078702179,2.627572193294675,-2.346839732694504,0.0,0.0,2.0,0.0,-0.5235987901687622,0.7853981852531433,0.00116765614411861,179.01893534694364,178.9179221528054,0.3127871498405832,91.09470047680655,2.0,0.014626812718558197,3.124469845219025,0.014519685028646574,2.8821315655646145
image_0120.jpg,204024000000,11,-0.0006741465891278,-0.0007477947156197,2.014592120467685,-0.0197693078702179,2.627572193294675,-2.346839732694504,0.0,0.0,2.0,0.0,-0.5235987901687622,0.7853981852531433,0.00116765614411861,179.01893534694364,178.9179221528054,0.3127871498405832,91.09470047680655,2.0,0.014626812718558197,3.124469845219025,0.01452159802310928,2.8864590348441577
image_0121.jpg,204188000000,11,-0.0006741465891278,-0.0007477947156197,2.014592120467685,-0.0197693078702179,2.627572193294675,-2.346839732694504,0.0,0.0,2.0,0.0,-0.5235987901687622,0.7853981852531433,0.00116765614411861,179.01893534694364,178.9179221528054,0.3127871498405832,91.09470047680655,2.0,0.014626812718558197,3.124469845219025,0.014523443894959263,2.890634663096348
image_0122.jpg,204528000000,11,-0.0006741465891278,-0.0007477947156197,2.014592120467685,-0.0197693078702179,2.627572193294675,-2.346839732694504,0.0,0.0,2.0,0.0,-0.5235987901687622,0.7853981852531433,0.00116765614411861,179.01893534694364,178.9179221528054,0.3127871498405832,91.09470047680655,2.0,0.014626812718558197,3.124469845219025,0.014525226116055796,2.894666304167429
image_0123.jpg,204737000000,11,-0.0006741465891278,-0.0007477947156197,2.014592120467685,-0.0197693078702179,2.627572193294675,-2.346839732694504,0.0,0.0,2.0,0.0,-0.5235987901687622,0.7853981852531433,0.00116765614411861,179.01893534694364,178.9179221528054,0.3127871498405832,91.09470047680655,2.0,0.014626812718558197,3.124469845219025,0.014526947922877871,2.8985612794394897
image_0124.jpg,205063000000,11,-0.0006741465891278,-0.0007477947156197,2.014592120467685,-0.0197693078702179,2.627572193294675,-2.346839732694504,0.0,0.0,2.0,0.0,-0.5235987901687622,0.7853981852531433,0.00116765614411861,179.01893534694364,178.9179221528054,0.3127871498405832,91.09470047680655,2.0,0.014626812718558197,3.124469845219025,0.014528612336139208,2.9023264222024823
image_0125.jpg,205267000000,11,-0.0006741465891278,-0.0007477947156197,2.014592120467685,-0.0197693078702179,2.627572193294675,-2.346839732694504,0.0,0.0,2.0,0.0,-0.5235987901687622,0.7853981852531433,0.00116765614411861,179.01893534694364,178.9179221528054,0.3127871498405832,91.09470047680655,2.0,0.014626812718558197,3.124469845219025,0.014530222178473948,2.9059681176617693
image_0126.jpg,205458000000,11,-0.0006741465891278,-0.0007477947156197,2.014592120467685,-0.0197693078702179,2.627572193294675,-2.346839732694504,0.0,0.0,2.0,0.0,-0.5235987901687622,0.7853981852531433,0.00116765614411861,179.01893534694364,178.9179221528054,0.3127871498405832,91.09470047680655,2.0,0.014626812718558197,3.124469845219025,0.01453178009041079,2.9094923390739833
image_0127.jpg,205620000000,11,-0.0011768288168794,-0.0011666525419973,2.014986185437218,-0.0023354451150421,2.612365526307711,-2.3474340314048865,0.0,0.0,2.0,0.0,-0.5235987901687622,0.7853981852531433,0.002038327302646291,-179.88289347981146,-179.85359805790333,0.3097503707556026,90.56956602125649,2.0,0.015077524935368885,3.13954875923695,0.014540442706997425,2.913144028282919
image_0128.jpg,205717000000,11,-0.0011768288168794,-0.0011666525419973,2.014986185437218,-0.0023354451150421,2.612365526307711,-2.3474340314048865,0.0,0.0,2.0,0.0,-0.5235987901687622,0.7853981852531433,0.002038327302646291,-179.88289347981146,-179.85359805790333,0.3097503707556026,90.56956602125649,2.0,0.015077524935368885,3.13954875923695,0.01454883461681573,2.916681602204076
image_0129.jpg,205852000000,11,-0.0011768288168794,-0.0011666525419973,2.014986185437218,-0.0023354451150421,2.612365526307711,-2.3474340314048865,0.0,0.0,2.0,0.0,-0.5235987901687622,0.7853981852531433,0.002038327302646291,-179.88289347981146,-179.85359805790333,0.3097503707556026,90.56956602125649,2.0,0.015077524935368885,3.13954875923695,0.01455696831402424,2.9201103276968894
image_0130.jpg,206166000000,11,-0.0011768288168794,-0.0011666525419973,2.014986185437218,-0.0023354451150421,2.612365526307711,-2.3474340314048865,0.0,0.0,2.0,1.0471975803375244,1.0471975803375244,1.0471975803375244,0.002038327302646291,-132.46877824167015,-36.869556939045474,73.86656162004725,-146.07295678995968,2.0,0.015077524935368885,2.312016336411369,0.014564855535559765,2.910896782374382
image_0131.jpg,206282000000,11,-0.0011768288168794,-0.0011666525419973,2.014986185437218,-0.0023354451150421,2.612365526307711,-2.3474340314048865,0.0,0.0,2.0,1.0471975803375244,1.0471975803375244,1.0471975803375244,0.002038327302646291,-132.46877824167015,-36.869556939045474,73.86656162004725,-146.07295678995968,2.0,0.015077524935368885,2.312016336411369,0.014572507317646468,2.9019582682555307
image_0132.jpg,206425000000,11,-0.0011768288168794,-0.0011666525419973,2.014986185437218,-0.0023354451150421,2.612365526307711,-2.3474340314048865,0.0,0.0,2.0,1.0471975803375244,1.0471975803375244,1.0471975803375244,0.002038327302646291,-132.46877824167015,-36.869556939045474,73.86656162004725,-146.07295678995968,2.0,0.015077524935368885,2.312016336411369,0.014579934047318856,2.8932826516107637
image_0133.jpg,206579000000,11,-0.0011768288168794,-0.0011666525419973,2.014986185437218,-0.0023354451150421,2.612365526307711,-2.3474340314048865,0.0,0.0,2.0,1.0471975803375244,1.0471975803375244,1.0471975803375244,0.002038327302646291,-132.46877824167015,-36.869556939045474,73.86656162004725,-146.07295678995968,2.0,0.015077524935368885,2.312016336411369,0.014587145509464508,2.88485850211512
image_0144.jpg,208967000000,11,-0.0066995039090007,-0.0018501215475167,1.999825074549928,1.0484626737211131,-2.0869190471408845,-2.0953958965721027,0.0,0.0,2.0,1.0471975803375244,1.0471975803375244,1.0471975803375244,0.011603881155895513,-179.96420700107913,179.64690955108242,-0.2451603215173051,120.00632470814094,2.0,0.006952474471753503,3.1409679479094623,0.01447807878035435,2.888517208483611
image_0145.jpg,209241000000,11,-0.0066995039090007,-0.0018501215475167,1.999825074549928,1.0484626737211131,-2.0869190471408845,-2.0953958965721027,0.0,0.0,2.0,1.0471975803375244,1.0471975803375244,1.0471975803375244,0.011603881155895513,-179.96420700107913,179.64690955108242,-0.2451603215173051,120.00632470814094,2.0,0.006952474471753503,3.1409679479094623,0.014372084353472649,2.8920728527008763
image_0146.jpg,209463000000,11,-0.0066995039090007,-0.0018501215475167,1.999825074549928,1.0484626737211131,-2.0869190471408845,-2.0953958965721027,0.0,0.0,2.0,1.0471975803375244,1.0471975803375244,1.0471975803375244,0.011603881155895513,-179.96420700107913,179.64690955108242,-0.2451603215173051,120.00632470814094,2.0,0.006952474471753503,3.1409679479094623,0.01426903421622655,2.895529729023218
image_0147.jpg,209654000000,11,-0.0066995039090007,-0.0018501215475167,1.999825074549928,1.0484626737211131,-2.0869190471408845,-2.0953958965721027,0.0,0.0,2.0,1.0471975803375244,1.0471975803375244,1.0471975803375244,0.011603881155895513,-179.96420700107913,179.64690955108242,-0.2451603215173051,120.00632470814094,2.0,0.006952474471753503,3.1409679479094623,0.01416880737041185,2.898891896405221
image_0148.jpg,209885000000,11,-0.0066995039090007,-0.0018501215475167,1.999825074549928,1.0484626737211131,-2.0869190471408845,-2.0953958965721027,0.0,0.0,2.0,1.0471975803375244,1.0471975803375244,1.0471975803375244,0.011603881155895513,-179.96420700107913,179.64690955108242,-0.2451603215173051,120.00632470814094,2.0,0.006952474471753503,3.1409679479094623,0.014071289358267819,2.9021631943985216
image_0149.jpg,210060000000,11,-0.0066995039090007,-0.0018501215475167,1.999825074549928,1.0484626737211131,-2.0869190471408845,-2.0953958965721027,0.0,0.0,2.0,-0.7853981852531433,-0.7853981852531433,-0.7853981852531433,0.011603881155895513,60.70593446022025,-45.077807353842445,-1.933686791920129,42.53955672823749,2.0,0.006952474471753503,1.05951843183073,0.013976371826447629,2.8775945975642845
image_0150.jpg,210157000000,11,-0.0066995039090007,-0.0018501215475167,1.999825074549928,1.0484626737211131,-2.0869190471408845,-2.0953958965721027,0.0,0.0,2.0,-0.7853981852531433,-0.7853981852531433,-0.7853981852531433,0.011603881155895513,60.70593446022025,-45.077807353842445,-1.933686791920129,42.53955672823749,2.0,0.006952474471753503,1.05951843183073,0.01388395212441218,2.8536725427520007
image_0151.jpg,210361000000,11,-0.0066995039090007,-0.0018501215475167,1.999825074549928,1.0484626737211131,-2.0869190471408845,-2.0953958965721027,0.0,0.0,2.0,-0.7853981852531433,-0.7853981852531433,-0.7853981852531433,0.011603881155895513,60.70593446022025,-45.077807353842445,-1.933686791920129,42.53955672823749,2.0,0.006952474471753503,1.05951843183073,0.013793932934117912,2.8303718400127638
image_0152.jpg,210760000000,11,-0.0066995039090007,-0.0018501215475167,1.999825074549928,1.0484626737211131,-2.0869190471408845,-2.0953958965721027,0.0,0.0,2.0,-0.7853981852531433,-0.7853981852531433,-0.7853981852531433,0.011603881155895513,60.70593446022025,-45.077807353842445,-1.933686791920129,42.53955672823749,2.0,0.006952474471753503,1.05951843183073,0.013706221928190163,2.807668591189917
image_0155.jpg,211226000000,11,-0.0027098717442651,-0.0079878035412282,2.01851227919487,-0.7829547974720206,2.355394399015802,2.353650942834361,0.0,0.0,2.0,-0.7853981852531433,-0.7853981852531433,-0.7853981852531433,0.004693635543062448,179.90098941945365,-179.9625327455497,0.10241647537458778,-90.24473390626311,2.0,0.02034337462842505,3.1398645929649485,0.013790236519332375,2.811873603870614
image_0156.jpg,211614000000,11,-0.0027098717442651,-0.0079878035412282,2.01851227919487,-0.7829547974720206,2.355394399015802,2.353650942834361,0.0,0.0,2.0,-0.7853981852531433,-0.7853981852531433,-0.7853981852531433,0.004693635543062448,179.90098941945365,-179.9625327455497,0.10241647537458778,-90.24473390626311,2.0,0.02034337462842505,3.1398645929649485,0.013872150745696036,2.815973491234293
image_0157.jpg,211882000000,11,-0.0027098717442651,-0.0079878035412282,2.01851227919487,-0.7829547974720206,2.355394399015802,2.353650942834361,0.0,0.0,2.0,-0.7853981852531433,-0.7853981852531433,-0.7853981852531433,0.004693635543062448,179.90098941945365,-179.9625327455497,0.10241647537458778,-90.24473390626311,2.0,0.02034337462842505,3.1398645929649485,0.013952042398569231,2.819972146811214
image_0158.jpg,212305000000,11,-0.0027098717442651,-0.0079878035412282,2.01851227919487,-0.7829547974720206,2.355394399015802,2.353650942834361,0.0,0.0,2.0,-0.7853981852531433,-0.7853981852531433,-0.7853981852531433,0.004693635543062448,179.90098941945365,-179.9625327455497,0.10241647537458778,-90.24473390626311,2.0,0.02034337462842505,3.1398645929649485,0.014029985474543085,2.8238732742033332
image_0159.jpg,212546000000,11,-0.0027098717442651,-0.0079878035412282,2.01851227919487,-0.7829547974720206,2.355394399015802,2.353650942834361,0.0,0.0,2.0,-0.7853981852531433,-0.7853981852531433,-0.7853981852531433,0.004693635543062448,179.90098941945365,-179.9625327455497,0.10241647537458778,-90.24473390626311,2.0,0.02034337462842505,3.1398645929649485,0.014106050404107926,2.8276803985257626
image_0160.jpg,212939000000,11,-0.0027098717442651,-0.0079878035412282,2.01851227919487,-0.7829547974720206,2.355394399015802,2.353650942834361,0.0,0.0,2.0,-0.7853981852531433,-0.7853981852531433,-0.7853981852531433,0.004693635543062448,179.90098941945365,-179.9625327455497,0.10241647537458778,-90.24473390626311,2.0,0.02034337462842505,3.1398645929649485,0.014180304263921226,2.8313968770309907
image_0161.jpg,213165000000,11,-0.0027098717442651,-0.0079878035412282,2.01851227919487,-0.7829547974720206,2.355394399015802,2.353650942834361,0.0,0.0,2.0,-0.7853981852531433,-0.7853981852531433,-0.7853981852531433,0.004693635543062448,179.90098941945365,-179.9625327455497,0.10241647537458778,-90.24473390626311,2.0,0.02034337462842505,3.1398645929649485,0.014252810974091859,2.835025908983155
image_0162.jpg,213293000000,11,-0.0027098717442651,-0.0079878035412282,2.01851227919487,-0.7829547974720206,2.355394399015802,2.353650942834361,0.0,0.0,2.0,-0.7853981852531433,-0.7853981852531433,-0.7853981852531433,0.004693635543062448,179.90098941945365,-179.9625327455497,0.10241647537458778,-90.24473390626311,2.0,0.02034337462842505,3.1398645929649485,0.014323631481700383,2.8385705448434084
image_0163.jpg,213506000000,11,-0.0027098717442651,-0.0079878035412282,2.01851227919487,-0.7829547974720206,2.355394399015802,2.353650942834361,0.0,0.0,2.0,-0.7853981852531433,-0.7853981852531433,-0.7853981852531433,0.004693635543062448,179.90098941945365,-179.9625327455497,0.10241647537458778,-90.24473390626311,2.0,0.02034337462842505,3.1398645929649485,0.014392823931662737,2.842033694821817
image_0164.jpg,213708000000,11,-0.0027098717442651,-0.0079878035412282,2.01851227919487,-0.7829547974720206,2.355394399015802,2.353650942834361,0.0,0.0,2.0,-0.7853981852531433,-0.7853981852531433,-0.7853981852531433,0.004693635543062448,179.90098941945365,-179.9625327455497,0.10241647537458778,-90.24473390626311,2.0,0.02034337462842505,3.1398645929649485,0.014460443825944126,2.845418136846171
image_0165.jpg,213915000000,11,-0.0027098717442651,-0.0079878035412282,2.01851227919487,-0.7829547974720206,2.355394399015802,2.353650942834361,0.0,0.0,2.0,-0.7853981852531433,-0.7853981852531433,-0.7853981852531433,0.004693635543062448,179.90098941945365,-179.9625327455497,0.10241647537458778,-90.24473390626311,2.0,0.02034337462842505,3.1398645929649485,0.014526544172039418,2.8487265239935726
image_0166.jpg,214121000000,11,-0.0027098717442651,-0.0079878035412282,2.01851227919487,-0.7829547974720206,2.355394399015802,2.353650942834361,0.0,0.0,2.0,0.5235987901687622,0.5235987901687622,0.5235987901687622,0.004693635543062448,-158.95163384558117,50.82130826481306,72.11372846972385,-114.4944905005069,2.0,0.02034337462842505,2.7742293620298475,0.014591175621554812,2.8478987777495313
image_0167.jpg,214325000000,11,-0.0027098717442651,-0.0079878035412282,2.01851227919487,-0.7829547974720206,2.355394399015802,2.353650942834361,0.0,0.0,2.0,0.5235987901687622,0.5235987901687622,0.5235987901687622,0.004693635543062448,-158.95163384558117,50.82130826481306,72.11372846972385,-114.4944905005069,2.0,0.02034337462842505,2.7742293620298475,0.01465438659965229,2.8470892237306336
image_0168.jpg,214429000000,11,-0.0027098717442651,-0.0079878035412282,2.01851227919487,-0.7829547974720206,2.355394399015802,2.353650942834361,0.0,0.0,2.0,0.5235987901687622,0.5235987901687622,0.5235987901687622,0.004693635543062448,-158.95163384558117,50.82130826481306,72.11372846972385,-114.4944905005069,2.0,0.02034337462842505,2.7742293620298475,0.014716223426051993,2.8462972687121466
image_0169.jpg,214532000000,11,-0.0027098717442651,-0.0079878035412282,2.01851227919487,-0.7829547974720206,2.355394399015802,2.353650942834361,0.0,0.0,2.0,0.5235987901687622,0.5235987901687622,0.5235987901687622,0.004693635543062448,-158.95163384558117,50.82130826481306,72.11372846972385,-114.4944905005069,2.0,0.02034337462842505,2.7742293620298475,0.014776730428228049,2.8455223449843805
image_0185.jpg,217037000000,11,-0.0052445650149656,-0.002199757913649,2.000892713548551,0.5287392408376057,-2.623425837001398,-2.614311633546272,0.0,0.0,2.0,0.5235987901687622,0.5235987901687622,0.5235987901687622,0.009083853069518649,179.7451073796134,-179.6229636061966,0.1413153407707481,60.358013417257624,2.0,0.0057568510971388424,3.137143938125011,0.014680774265131355,2.848624702358217
image_0186.jpg,217271000000,11,-0.0052445650149656,-0.002199757913649,2.000892713548551,0.5287392408376057,-2.623425837001398,-2.614311633546272,0.0,0.0,2.0,0.5235987901687622,0.5235987901687622,0.5235987901687622,0.009083853069518649,179.7451073796134,-179.6229636061966,0.1413153407707481,60.358013417257624,2.0,0.0057568510971388424,3.137143938125011,0.014586838231784064,2.851661746945236
image_0187.jpg,217423000000,11,-0.0052445650149656,-0.002199757913649,2.000892713548551,0.5287392408376057,-2.623425837001398,-2.614311633546272,0.0,0.0,2.0,0.5235987901687622,0.5235987901687622,0.5235987901687622,0.009083853069518649,179.7451073796134,-179.6229636061966,0.1413153407707481,60.358013417257624,2.0,0.0057568510971388424,3.137143938125011,0.014494859199131509,2.854635519770025
image_0188.jpg,217573000000,11,-0.0052445650149656,-0.002199757913649,2.000892713548551,0.5287392408376057,-2.623425837001398,-2.614311633546272,0.0,0.0,2.0,0.5235987901687622,0.5235987901687622,0.5235987901687622,0.009083853069518649,179.7451073796134,-179.6229636061966,0.1413153407707481,60.358013417257624,2.0,0.0057568510971388424,3.137143938125011,0.014404776641379007,2.8575479776912105
image_0189.jpg,217711000000,11,-0.0052445650149656,-0.002199757913649,2.000892713548551,0.5287392408376057,-2.623425837001398,-2.614311633546272,0.0,0.0,2.0,0.5235987901687622,0.5235987901687622,0.5235987901687622,0.009083853069518649,179.7451073796134,-179.6229636061966,0.1413153407707481,60.358013417257624,2.0,0.0057568510971388424,3.137143938125011,0.014316532503172476,2.860400997695637
image_0190.jpg,217816000000,11,-0.0052445650149656,-0.002199757913649,2.000892713548551,0.5287392408376057,-2.623425837001398,-2.614311633546272,0.0,0.0,2.0,0.5235987901687622,0.5235987901687622,0.5235987901687622,0.009083853069518649,179.7451073796134,-179.6229636061966,0.1413153407707481,60.358013417257624,2.0,0.0057568510971388424,3.137143938125011,0.014230071074828701,2.863196380932297
image_0191.jpg,217941000000,11,-0.0052445650149656,-0.002199757913649,2.000892713548551,0.5287392408376057,-2.623425837001398,-2.614311633546272,0.0,0.0,2.0,0.5235987901687622,0.5235987901687622,0.5235987901687622,0.009083853069518649,179.7451073796134,-179.6229636061966,0.1413153407707481,60.358013417257624,2.0,0.0057568510971388424,3.137143938125011,0.014145338875051802,2.8659358565042243
image_0192.jpg,218127000000,11,-0.0052445650149656,-0.002199757913649,2.000892713548551,0.5287392408376057,-2.623425837001398,-2.614311633546272,0.0,0.0,2.0,-1.0471975803375244,0.5235987901687622,0.7853981852531433,0.009083853069518649,-104.81557487542062,-128.2350090870708,-66.80294775297574,92.87684299744357,2.0,0.0057568510971388424,1.829376888946735,0.014062284540617021,2.8556728964293976
image_0193.jpg,218387000000,11,-0.0052445650149656,-0.002199757913649,2.000892713548551,0.5287392408376057,-2.623425837001398,-2.614311633546272,0.0,0.0,2.0,-1.0471975803375244,0.5235987901687622,0.7853981852531433,0.009083853069518649,-104.81557487542062,-128.2350090870708,-66.80294775297574,92.87684299744357,2.0,0.0057568510971388424,1.829376888946735,0.013980858722543706,2.8456111708658423
image_0194.jpg,218462000000,11,-0.0052445650149656,-0.002199757913649,2.000892713548551,0.5287392408376057,-2.623425837001398,-2.614311633546272,0.0,0.0,2.0,-1.0471975803375244,0.5235987901687622,0.7853981852531433,0.009083853069518649,-104.81557487542062,-128.2350090870708,-66.80294775297574,92.87684299744357,2.0,0.0057568510971388424,1.829376888946735,0.013901013988316474,2.8357448186142005
image_0195.jpg,218566000000,11,-0.0052445650149656,-0.002199757913649,2.000892713548551,0.5287392408376057,-2.623425837001398,-2.614311633546272,0.0,0.0,2.0,-1.0471975803375244,0.5235987901687622,0.7853981852531433,0.009083853069518649,-104.81557487542062,-128.2350090870708,-66.80294775297574,92.87684299744357,2.0,0.0057568510971388424,1.829376888946735,0.013822704729747459,2.8260682039058596
image_0207.jpg,220457000000,11,0.00027505533272,-0.0071776758328381,2.024635486421048,-1.0446990278513333,-2.6156531824436096,-2.351139545900463,0.0,0.0,2.0,-1.0471975803375244,0.5235987901687622,0.7853981852531433,0.00047640981116380226,-179.875768124054,179.99266076352305,-0.1824321039526382,90.36136329156467,2.0,0.025661291413313532,3.1394243983186065,0.013935453174352849,2.829052548614552
image_0208.jpg,220642000000,11,0.00027505533272,-0.0071776758328381,2.024635486421048,-1.0446990278513333,-2.6156531824436096,-2.351139545900463,0.0,0.0,2.0,-1.0471975803375244,0.5235987901687622,0.7853981852531433,0.00047640981116380226,-179.875768124054,179.99266076352305,-0.1824321039526382,90.36136329156467,2.0,0.025661291413313532,3.1394243983186065,0.014046074289814744,2.831980584932515
image_0209.jpg,220899000000,11,0.00027505533272,-0.0071776758328381,2.024635486421048,-1.0446990278513333,-2.6156531824436096,-2.351139545900463,0.0,0.0,2.0,-1.0471975803375244,0.5235987901687622,0.7853981852531433,0.00047640981116380226,-179.875768124054,179.99266076352305,-0.1824321039526382,90.36136329156467,2.0,0.025661291413313532,3.1394243983186065,0.014154627720875479,2.834853891599675
image_0210.jpg,220996000000,11,0.00027505533272,-0.0071776758328381,2.024635486421048,-1.0446990278513333,-2.6156531824436096,-2.351139545900463,0.0,0.0,2.0,-1.0471975803375244,0.5235987901687622,0.7853981852531433,0.00047640981116380226,-179.875768124054,179.99266076352305,-0.1824321039526382,90.36136329156467,2.0,0.025661291413313532,3.1394243983186065,0.01426117090321287,2.837673988884109
image_0211.jpg,221342000000,11,0.00027505533272,-0.0071776758328381,2.024635486421048,-1.0446990278513333,-2.6156531824436096,-2.351139545900463,0.0,0.0,2.0,-1.0471975803375244,0.5235987901687622,0.7853981852531433,0.00047640981116380226,-179.875768124054,179.99266076352305,-0.1824321039526382,90.36136329156467,2.0,0.025661291413313532,3.1394243983186065,0.014365759164773425,2.840442341264242
image_0212.jpg,221601000000,11,0.00027505533272,-0.0071776758328381,2.024635486421048,-1.0446990278513333,-2.6156531824436096,-2.351139545900463,0.0,0.0,2.0,-1.0471975803375244,0.5235987901687622,0.7853981852531433,0.00047640981116380226,-179.875768124054,179.99266076352305,-0.1824321039526382,90.36136329156467,2.0,0.025661291413313532,3.1394243983186065,0.014468445821578335,2.8431603599647364
image_0213.jpg,221808000000,11,0.00027505533272,-0.0071776758328381,2.024635486421048,-1.0446990278513333,-2.6156531824436096,-2.351139545900463,0.0,0.0,2.0,-1.0471975803375244,0.5235987901687622,0.7853981852531433,0.00047640981116380226,-179.875768124054,179.99266076352305,-0.1824321039526382,90.36136329156467,2.0,0.025661291413313532,3.1394243983186065,0.014569282268350723,2.8458294053553117
image_0214.jpg,222161000000,11,0.00027505533272,-0.0071776758328381,2.024635486421048,-1.0446990278513333,-2.6156531824436096,-2.351139545900463,0.0,0.0,2.0,0.7853981852531433,-0.5235987901687622,0.7853981852531433,0.00047640981116380226,75.28871738189332,61.62073379431863,21.227598628836837,55.199901232561714,2.0,0.025661291413313532,1.3140360079175237,0.014668318064287892,2.8321526785924744
image_0215.jpg,222267000000,11,0.00027505533272,-0.0071776758328381,2.024635486421048,-1.0446990278513333,-2.6156531824436096,-2.351139545900463,0.0,0.0,2.0,0.7853981852531433,-0.5235987901687622,0.7853981852531433,0.00047640981116380226,75.28871738189332,61.62073379431863,21.227598628836837,55.199901232561714,2.0,0.025661291413313532,1.3140360079175237,0.01476560101427927,2.818718017790041
image_0216.jpg,222354000000,11,0.00027505533272,-0.0071776758328381,2.024635486421048,-1.0446990278513333,-2.6156531824436096,-2.351139545900463,0.0,0.0,2.0,0.7853981852531433,-0.5235987901687622,0.7853981852531433,0.00047640981116380226,75.28871738189332,61.62073379431863,21.227598628836837,55.199901232561714,2.0,0.025661291413313532,1.3140360079175237,0.014861177245849745,2.8055190527911598
image_0217.jpg,222430000000,11,0.00027505533272,-0.0071776758328381,2.024635486421048,-1.0446990278513333,-2.6156531824436096,-2.351139545900463,0.0,0.0,2.0,0.7853981852531433,-0.5235987901687622,0.7853981852531433,0.00047640981116380226,75.28871738189332,61.62073379431863,21.227598628836837,55.199901232561714,2.0,0.025661291413313532,1.3140360079175237,0.014955091282088561,2.79254963500965
image_0234.jpg,224991000000,11,-0.0034672661259637,0.0009035662923531,2.0030645671474754,0.783898958816823,2.6018345180069167,-2.3563164563750485,0.0,0.0,2.0,0.7853981852531433,-0.5235987901687622,0.7853981852531433,0.006005481093531639,-179.9260149007187,-179.39737324712834,0.7067972220148798,90.04028091841668,2.0,0.004714863543552185,3.1403013700099205,0.014866813456756351,2.795547494794135
image_0235.jpg,225277000000,11,-0.0034672661259637,0.0009035662923531,2.0030645671474754,0.783898958816823,2.6018345180069167,-2.3563164563750485,0.0,0.0,2.0,0.7853981852531433,-0.5235987901687622,0.7853981852531433,0.006005481093531639,-179.9260149007187,-179.39737324712834,0.7067972220148798,90.04028091841668,2.0,0.004714863543552185,3.1403013700099205,0.014780044654079392,2.798494109112218
image_0236.jpg,225475000000,11,-0.0034672661259637,0.0009035662923531,2.0030645671474754,0.783898958816823,2.6018345180069167,-2.3563164563750485,0.0,0.0,2.0,0.7853981852531433,-0.5235987901687622,0.7853981852531433,0.006005481093531639,-179.9260149007187,-179.39737324712834,0.7067972220148798,90.04028091841668,2.0,0.004714863543552185,3.1403013700099205,0.014694746509074924,2.801390780814741
image_0237.jpg,225650000000,11,-0.0034672661259637,0.0009035662923531,2.0030645671474754,0.783898958816823,2.6018345180069167,-2.3563164563750485,0.0,0.0,2.0,0.7853981852531433,-0.5235987901687622,0.7853981852531433,0.006005481093531639,-179.9260149007187,-179.39737324712834,0.7067972220148798,90.04028091841668,2.0,0.004714863543552185,3.1403013700099205,0.014610881946339438,2.8042387689592383
image_0238.jpg,225912000000,11,-0.0034672661259637,0.0009035662923531,2.0030645671474754,0.783898958816823,2.6018345180069167,-2.3563164563750485,0.0,0.0,2.0,-0.5235987901687622,0.5235987901687622,1.0471975803375244,0.006005481093531639,98.08588574570093,-85.94031773830983,-26.03679775318792,76.29208406631807,2.0,0.004714863543552185,1.711921655997456,0.014528415126316212,2.7951361263512235
image_0239.jpg,226119000000,11,-0.0034672661259637,0.0009035662923531,2.0030645671474754,0.783898958816823,2.6018345180069167,-2.3563164563750485,0.0,0.0,2.0,-0.5235987901687622,0.5235987901687622,1.0471975803375244,0.006005481093531639,98.08588574570093,-85.94031773830983,-26.03679775318792,76.29208406631807,2.0,0.004714863543552185,1.711921655997456,0.014447311394227254,2.7861839406458206
image_0240.jpg,226119000000,11,-0.0034672661259637,0.0009035662923531,2.0030645671474754,0.783898958816823,2.6018345180069167,-2.3563164563750485,0.0,0.0,2.0,-0.5235987901687622,0.5235987901687622,1.0471975803375244,0.006005481093531639,98.08588574570093,-85.94031773830983,-26.03679775318792,76.29208406631807,2.0,0.004714863543552185,1.711921655997456,0.014367537231516802,2.777378512083129
image_0241.jpg,226119000000,11,-0.0034672661259637,0.0009035662923531,2.0030645671474754,0.783898958816823,2.6018345180069167,-2.3563164563750485,0.0,0.0,2.0,-0.5235987901687622,0.5235987901687622,1.0471975803375244,0.006005481093531639,98.08588574570093,-85.94031773830983,-26.03679775318792,76.29208406631807,2.0,0.004714863543552185,1.711921655997456,0.01428906020966343,2.7687162612206437
image_0242.jpg,226119000000,11,-0.0034672661259637,0.0009035662923531,2.0030645671474754,0.783898958816823,2.6018345180069167,-2.3563164563750485,0.0,0.0,2.0,-0.5235987901687622,0.5235987901687622,1.0471975803375244,0.006005481093531639,98.08588574570093,-85.94031773830983,-26.03679775318792,76.29208406631807,2.0,0.004714863543552185,1.711921655997456,0.01421184894622705,2.760193724081747
image_0250.jpg,227299000000,11,-0.0012424039341137,-0.0062078887560961,2.008762636682249,-0.5265781452209857,-2.6198628331300857,-2.087064271767451,0.0,0.0,2.0,-0.5235987901687622,0.5235987901687622,1.0471975803375244,0.0021519067374083842,-179.8516943999778,-179.98135461231058,0.18165328238627082,120.33484274646426,2.0,0.010810423302011016,3.13900423257026,0.014184637541073322,2.7632242081496554
image_0251.jpg,227528000000,11,-0.0012424039341137,-0.0062078887560961,2.008762636682249,-0.5265781452209857,-2.6198628331300857,-2.087064271767451,0.0,0.0,2.0,-0.5235987901687622,0.5235987901687622,1.0471975803375244,0.0021519067374083842,-179.8516943999778,-179.98135461231058,0.18165328238627082,120.33484274646426,2.0,0.010810423302011016,3.13900423257026,0.014157858062985525,2.7662065892958507
image_0252.jpg,227856000000,11,-0.0012424039341137,-0.0062078887560961,2.008762636682249,-0.5265781452209857,-2.6198628331300857,-2.087064271767451,0.0,0.0,2.0,-0.5235987901687622,0.5235987901687622,1.0471975803375244,0.0021519067374083842,-179.8516943999778,-179.98135461231058,0.18165328238627082,120.33484274646426,2.0,0.010810423302011016,3.13900423257026,0.014131500308962104,2.7691420038098222
image_0253.jpg,228124000000,11,-0.0012424039341137,-0.0062078887560961,2.008762636682249,-0.5265781452209857,-2.6198628331300857,-2.087064271767451,0.0,0.0,2.0,-0.5235987901687622,0.5235987901687622,1.0471975803375244,0.0021519067374083842,-179.8516943999778,-179.98135461231058,0.18165328238627082,120.33484274646426,2.0,0.010810423302011016,3.13900423257026,0.014105554394845298,2.772031552472013
image_0254.jpg,228252000000,11,-0.0012424039341137,-0.0062078887560961,2.008762636682249,-0.5265781452209857,-2.6198628331300857,-2.087064271767451,0.0,0.0,2.0,-0.5235987901687622,0.5235987901687622,1.0471975803375244,0.0021519067374083842,-179.8516943999778,-179.98135461231058,0.18165328238627082,120.33484274646426,2.0,0.010810423302011016,3.13900423257026,0.014080010742962864,2.7748763019301395
image_0255.jpg,228491000000,11,-0.0012424039341137,-0.0062078887560961,2.008762636682249,-0.5265781452209857,-2.6198628331300857,-2.087064271767451,0.0,0.0,2.0,-0.5235987901687622,0.5235987901687622,1.0471975803375244,0.0021519067374083842,-179.8516943999778,-179.98135461231058,0.18165328238627082,120.33484274646426,2.0,0.010810423302011016,3.13900423257026,0.014054860070340156,2.7776772860119863
image_0256.jpg,228751000000,11,-0.0012424039341137,-0.0062078887560961,2.008762636682249,-0.5265781452209857,-2.6198628331300857,-2.087064271767451,0.0,0.0,2.0,-0.5235987901687622,0.5235987901687622,1.0471975803375244,0.0021519067374083842,-179.8516943999778,-179.98135461231058,0.18165328238627082,120.33484274646426,2.0,0.010810423302011016,3.13900423257026,0.014030093377452148,2.7804355069780797
image_0257.jpg,228961000000,11,-0.0012424039341137,-0.0062078887560961,2.008762636682249,-0.5265781452209857,-2.6198628331300857,-2.087064271767451,0.0,0.0,2.0,-0.5235987901687622,0.5235987901687622,1.0471975803375244,0.0021519067374083842,-179.8516943999778,-179.98135461231058,0.18165328238627082,120.33484274646426,2.0,0.010810423302011016,3.13900423257026,0.014005701937486684,2.783151936717415
image_0258.jpg,229206000000,11,-0.0012424039341137,-0.0062078887560961,2.008762636682249,-0.5265781452209857,-2.6198628331300857,-2.087064271767451,0.0,0.0,2.0,-0.5235987901687622,0.5235987901687622,1.0471975803375244,0.0021519067374083842,-179.8516943999778,-179.98135461231058,0.18165328238627082,120.33484274646426,2.0,0.010810423302011016,3.13900423257026,0.01398167728609213,2.7858275178892407
image_0259.jpg,229384000000,11,-0.0012424039341137,-0.0062078887560961,2.008762636682249,-0.5265781452209857,-2.6198628331300857,-2.087064271767451,0.0,0.0,2.0,-0.5235987901687622,0.5235987901687622,1.0471975803375244,0.0021519067374083842,-179.8516943999778,-179.98135461231058,0.18165328238627082,120.33484274646426,2.0,0.010810423302011016,3.13900423257026,0.013958011211584062,2.788463165013726
image_0260.jpg,229562000000,11,-0.0012424039341137,-0.0062078887560961,2.008762636682249,-0.5265781452209857,-2.6198628331300857,-2.087064271767451,0.0,0.0,2.0,-0.5235987901687622,0.5235987901687622,1.0471975803375244,0.0021519067374083842,-179.8516943999778,-179.98135461231058,0.18165328238627082,120.33484274646426,2.0,0.010810423302011016,3.13900423257026,0.013934695745587224,2.7910597655141447
image_0261.jpg,229779000000,11,-0.0012424039341137,-0.0062078887560961,2.008762636682249,-0.5265781452209857,-2.6198628331300857,-2.087064271767451,0.0,0.0,2.0,-0.5235987901687622,0.5235987901687622,1.0471975803375244,0.0021519067374083842,-179.8516943999778,-179.98135461231058,0.18165328238627082,120.33484274646426,2.0,0.010810423302011016,3.13900423257026,0.013911723154090342,2.7936181807130867
image_0262.jpg,230123000000,11,-0.0012424039341137,-0.0062078887560961,2.008762636682249,-0.5265781452209857,-2.6198628331300857,-2.087064271767451,0.0,0.0,2.0,0.7853981852531433,1.0471975803375244,-0.7853981852531433,0.0021519067374083842,129.66247233966297,134.4906336176856,-39.267282849951705,-26.325127706847947,2.0,0.010810423302011016,2.2630370586031945,0.013889085928892682,2.789745325807175
image_0263.jpg,230216000000,11,-0.0012424039341137,-0.0062078887560961,2.008762636682249,-0.5265781452209857,-2.6198628331300857,-2.087064271767451,0.0,0.0,2.0,0.7853981852531433,1.0471975803375244,-0.7853981852531433,0.0021519067374083842,129.66247233966297,134.4906336176856,-39.267282849951705,-26.325127706847947,2.0,0.010810423302011016,2.2630370586031945,0.013866776779422526,2.785928599233233
image_0264.jpg,230370000000,11,-0.0012424039341137,-0.0062078887560961,2.008762636682249,-0.5265781452209857,-2.6198628331300857,-2.087064271767451,0.0,0.0,2.0,0.7853981852531433,1.0471975803375244,-0.7853981852531433,0.0021519067374083842,129.66247233966297,134.4906336176856,-39.267282849951705,-26.325127706847947,2.0,0.010810423302011016,2.2630370586031945,0.013844788624908773,2.782166789588413
image_0265.jpg,230435000000,11,-0.0012424039341137,-0.0062078887560961,2.008762636682249,-0.5265781452209857,-2.6198628331300857,-2.087064271767451,0.0,0.0,2.0,0.7853981852531433,1.0471975803375244,-0.7853981852531433,0.0021519067374083842,129.66247233966297,134.4906336176856,-39.267282849951705,-26.325127706847947,2.0,0.010810423302011016,2.2630370586031945,0.013823114586888074,2.7784587200813755
image_0280.jpg,233147000000,11,-0.0018361177846778,0.001796153545789,2.0180220017398507,0.7914841033099744,-2.092168106171337,2.365528256037524,0.0,0.0,2.0,0.7853981852531433,1.0471975803375244,-0.7853981852531433,0.0031802492917427615,-179.82539428281544,-179.78664549690455,0.03225913928608128,-89.16298060494667,2.0,0.018204121587993248,3.1385452089321175,0.013854185558527118,2.7810125249668416
image_0281.jpg,233390000000,11,-0.0018361177846778,0.001796153545789,2.0180220017398507,0.7914841033099744,-2.092168106171337,2.365528256037524,0.0,0.0,2.0,0.7853981852531433,1.0471975803375244,-0.7853981852531433,0.0031802492917427615,-179.82539428281544,-179.78664549690455,0.03225913928608128,-89.16298060494667,2.0,0.018204121587993248,3.1385452089321175,0.013884818910847302,2.783530360769414
image_0282.jpg,233604000000,11,-0.0018361177846778,0.001796153545789,2.0180220017398507,0.7914841033099744,-2.092168106171337,2.365528256037524,0.0,0.0,2.0,0.7853981852531433,1.0471975803375244,-0.7853981852531433,0.0031802492917427615,-179.82539428281544,-179.78664549690455,0.03225913928608128,-89.16298060494667,2.0,0.018204121587993248,3.1385452089321175,0.013915023824673498,2.786012982085237
image_0283.jpg,233800000000,11,-0.0018361177846778,0.001796153545789,2.0180220017398507,0.7914841033099744,-2.092168106171337,2.365528256037524,0.0,0.0,2.0,0.7853981852531433,1.0471975803375244,-0.7853981852531433,0.0031802492917427615,-179.82539428281544,-179.78664549690455,0.03225913928608128,-89.16298060494667,2.0,0.018204121587993248,3.1385452089321175,0.013944809225807661,2.7884611225494513
image_0284.jpg,234061000000,11,-0.0018361177846778,0.001796153545789,2.0180220017398507,0.7914841033099744,-2.092168106171337,2.365528256037524,0.0,0.0,2.0,-0.7853981852531433,0.7853981852531433,1.5707963705062866,0.0031802492917427615,-170.6751800193737,134.79971437277325,-29.87179126981978,135.9369137353995,2.0,0.018204121587993248,2.9788438427721102,0.013974183793822736,2.789774106826849
image_0285.jpg,234160000000,11,-0.0018361177846778,0.001796153545789,2.0180220017398507,0.7914841033099744,-2.092168106171337,2.365528256037524,0.0,0.0,2.0,-0.7853981852531433,0.7853981852531433,1.5707963705062866,0.0031802492917427615,-170.6751800193737,134.79971437277325,-29.87179126981978,135.9369137353995,2.0,0.018204121587993248,2.9788438427721102,0.014003155970495137,2.7910691050182552
image_0286.jpg,234400000000,11,-0.0018361177846778,0.001796153545789,2.0180220017398507,0.7914841033099744,-2.092168106171337,2.365528256037524,0.0,0.0,2.0,-0.7853981852531433,0.7853981852531433,1.5707963705062866,0.0031802492917427615,-170.6751800193737,134.79971437277325,-29.87179126981978,135.9369137353995,2.0,0.018204121587993248,2.9788438427721102,0.014031733967893084,2.7923464841866488
image_0287.jpg,234506000000,11,-0.0018361177846778,0.001796153545789,2.0180220017398507,0.7914841033099744,-2.092168106171337,2.365528256037524,0.0,0.0,2.0,-0.7853981852531433,0.7853981852531433,1.5707963705062866,0.0031802492917427615,-170.6751800193737,134.79971437277325,-29.87179126981978,135.9369137353995,2.0,0.018204121587993248,2.9788438427721102,0.014059925776137001,2.793606601474388
image_0289.jpg,235007000000,11,0.0014122047220278,-0.0058253158843112,2.0167457508203053,-0.7961432662524972,-2.359992896679473,-1.5866120678349105,0.0,0.0,2.0,-0.7853981852531433,0.7853981852531433,1.5707963705062866,0.0024460103292408327,-179.56558096089373,-179.7840198488839,0.43697495751591503,178.66014684803946,2.0,0.01778619683531813,3.134010611024039,0.014084934306735535,2.795891192142507
image_0290.jpg,235152000000,11,0.0014122047220278,-0.0058253158843112,2.0167457508203053,-0.7961432662524972,-2.359992896679473,-1.5866120678349105,0.0,0.0,2.0,-0.7853981852531433,0.7853981852531433,1.5707963705062866,0.0024460103292408327,-179.56558096089373,-179.7840198488839,0.43697495751591503,178.66014684803946,2.0,0.01778619683531813,3.134010611024039,0.014109609390259417,2.798145321601717
image_0291.jpg,235540000000,11,0.0014122047220278,-0.0058253158843112,2.0167457508203053,-0.7961432662524972,-2.359992896679473,-1.5866120678349105,0.0,0.0,2.0,-0.7853981852531433,0.7853981852531433,1.5707963705062866,0.0024460103292408327,-179.56558096089373,-179.7840198488839,0.43697495751591503,178.66014684803946,2.0,0.01778619683531813,3.134010611024039,0.014133957651484973,2.8003695950416
image_0292.jpg,235815000000,11,0.0014122047220278,-0.0058253158843112,2.0167457508203053,-0.7961432662524972,-2.359992896679473,-1.5866120678349105,0.0,0.0,2.0,-0.7853981852531433,0.7853981852531433,1.5707963705062866,0.0024460103292408327,-179.56558096089373,-179.7840198488839,0.43697495751591503,178.66014684803946,2.0,0.01778619683531813,3.134010611024039,0.014157985540852295,2.802564601725695
image_0293.jpg,236026000000,11,0.0014122047220278,-0.0058253158843112,2.0167457508203053,-0.7961432662524972,-2.359992896679473,-1.5866120678349105,0.0,0.0,2.0,-0.7853981852531433,0.7853981852531433,1.5707963705062866,0.0024460103292408327,-179.56558096089373,-179.7840198488839,0.43697495751591503,178.66014684803946,2.0,0.01778619683531813,3.134010611024039,0.01418169934016253,2.8047309155119584
image_0294.jpg,236195000000,11,0.0014122047220278,-0.0058253158843112,2.0167457508203053,-0.7961432662524972,-2.359992896679473,-1.5866120678349105,0.0,0.0,2.0,-0.7853981852531433,0.7853981852531433,1.5707963705062866,0.0024460103292408327,-179.56558096089373,-179.7840198488839,0.43697495751591503,178.66014684803946,2.0,0.01778619683531813,3.134010611024039,0.014205105168053152,2.8068690953529463
image_0295.jpg,236308000000,11,0.0014122047220278,-0.0058253158843112,2.0167457508203053,-0.7961432662524972,-2.359992896679473,-1.5866120678349105,0.0,0.0,2.0,-0.7853981852531433,0.7853981852531433,1.5707963705062866,0.0024460103292408327,-179.56558096089373,-179.7840198488839,0.43697495751591503,178.66014684803946,2.0,0.01778619683531813,3.134010611024039,0.014228208985261313,2.808979685776631
image_0296.jpg,236624000000,11,0.0014122047220278,-0.0058253158843112,2.0167457508203053,-0.7961432662524972,-2.359992896679473,-1.5866120678349105,0.0,0.0,2.0,-0.7853981852531433,0.7853981852531433,1.5707963705062866,0.0024460103292408327,-179.56558096089373,-179.7840198488839,0.43697495751591503,178.66014684803946,2.0,0.01778619683531813,3.134010611024039,0.014251016599684755,2.8110632173487295
image_0297.jpg,236773000000,11,0.0014122047220278,-0.0058253158843112,2.0167457508203053,-0.7961432662524972,-2.359992896679473,-1.5866120678349105,0.0,0.0,2.0,-0.7853981852531433,0.7853981852531433,1.5707963705062866,0.0024460103292408327,-179.56558096089373,-179.7840198488839,0.43697495751591503,178.66014684803946,2.0,0.01778619683531813,3.134010611024039,0.014273533671249297,2.813120207117362
image_0298.jpg,237001000000,11,0.0014122047220278,-0.0058253158843112,2.0167457508203053,-0.7961432662524972,-2.359992896679473,-1.5866120678349105,0.0,0.0,2.0,-0.7853981852531433,0.7853981852531433,1.5707963705062866,0.0024460103292408327,-179.56558096089373,-179.7840198488839,0.43697495751591503,178.66014684803946,2.0,0.01778619683531813,3.134010611024039,0.014295765716591505,2.815151159040822
image_0299.jpg,237152000000,11,0.0014122047220278,-0.0058253158843112,2.0167457508203053,-0.7961432662524972,-2.359992896679473,-1.5866120678349105,0.0,0.0,2.0,-0.7853981852531433,0.7853981852531433,1.5707963705062866,0.0024460103292408327,-179.56558096089373,-179.7840198488839,0.43697495751591503,178.66014684803946,2.0,0.01778619683531813,3.134010611024039,0.014317718113564628,2.817156564399207
image_0300.jpg,237358000000,11,0.0014122047220278,-0.0058253158843112,2.0167457508203053,-0.7961432662524972,-2.359992896679473,-1.5866120678349105,0.0,0.0,2.0,-0.7853981852531433,0.7853981852531433,1.5707963705062866,0.0024460103292408327,-179.56558096089373,-179.7840198488839,0.43697495751591503,178.66014684803946,2.0,0.01778619683531813,3.134010611024039,0.014339396105575589,2.8191369021906123
image_0301.jpg,237580000000,11,0.0014122047220278,-0.0058253158843112,2.0167457508203053,-0.7961432662524972,-2.359992896679473,-1.5866120678349105,0.0,0.0,2.0,-0.7853981852531433,0.7853981852531433,1.5707963705062866,0.0024460103292408327,-179.56558096089373,-179.7840198488839,0.43697495751591503,178.66014684803946,2.0,0.01778619683531813,3.134010611024039,0.014360804805760324,2.8210926395125586
image_0302.jpg,237708000000,11,0.0014122047220278,-0.0058253158843112,2.0167457508203053,-0.7961432662524972,-2.359992896679473,-1.5866120678349105,0.0,0.0,2.0,-0.7853981852531433,0.7853981852531433,1.5707963705062866,0.0024460103292408327,-179.56558096089373,-179.7840198488839,0.43697495751591503,178.66014684803946,2.0,0.01778619683531813,3.134010611024039,0.01438194920100451,2.8230242319292964
image_0303.jpg,238065000000,11,0.0014122047220278,-0.0058253158843112,2.0167457508203053,-0.7961432662524972,-2.359992896679473,-1.5866120678349105,0.0,0.0,2.0,0.5235987901687622,-0.7853981852531433,1.0471975803375244,0.0024460103292408327,126.08782098480938,67.07949784786602,16.501096092496393,124.65449124064787,2.0,0.01778619683531813,2.2006476228501226,0.014402834155816247,2.8192059705239028
image_0304.jpg,238150000000,11,0.0014122047220278,-0.0058253158843112,2.0167457508203053,-0.7961432662524972,-2.359992896679473,-1.5866120678349105,0.0,0.0,2.0,0.5235987901687622,-0.7853981852531433,1.0471975803375244,0.0024460103292408327,126.08782098480938,67.07949784786602,16.501096092496393,124.65449124064787,2.0,0.01778619683531813,2.2006476228501226,0.014423464416057115,2.8154342732819893
image_0305.jpg,238297000000,11,0.0014122047220278,-0.0058253158843112,2.0167457508203053,-0.7961432662524972,-2.359992896679473,-1.5866120678349105,0.0,0.0,2.0,0.5235987901687622,-0.7853981852531433,1.0471975803375244,0.0024460103292408327,126.08782098480938,67.07949784786602,16.501096092496393,124.65449124064787,2.0,0.01778619683531813,2.2006476228501226,0.014443844612537482,2.8117082935824027
image_0306.jpg,238419000000,11,0.0014122047220278,-0.0058253158843112,2.0167457508203053,-0.7961432662524972,-2.359992896679473,-1.5866120678349105,0.0,0.0,2.0,0.5235987901687622,-0.7853981852531433,1.0471975803375244,0.0024460103292408327,126.08782098480938,67.07949784786602,16.501096092496393,124.65449124064787,2.0,0.01778619683531813,2.2006476228501226,0.014463979264481945,2.808027205204497
image_0321.jpg,241030000000,11,-0.0027186298195209,0.0009603411510872,2.010743487518494,0.5307616215140083,2.354928952382866,-2.1018312770386918,0.0,0.0,2.0,0.5235987901687622,-0.7853981852531433,1.0471975803375244,0.004708804974382006,179.7097197834844,-179.79165473959196,-0.21437641952684164,119.28316959879572,2.0,0.011123656201182242,3.136526308058193,0.014443977329971169,2.809994265700627
image_0322.jpg,241288000000,11,-0.0027186298195209,0.0009603411510872,2.010743487518494,0.5307616215140083,2.354928952382866,-2.1018312770386918,0.0,0.0,2.0,0.5235987901687622,-0.7853981852531433,1.0471975803375244,0.004708804974382006,179.7097197834844,-179.79165473959196,-0.21437641952684164,119.28316959879572,2.0,0.011123656201182242,3.136526308058193,0.014424213513728378,2.8119379088098984
image_0323.jpg,241451000000,11,-0.0027186298195209,0.0009603411510872,2.010743487518494,0.5307616215140083,2.354928952382866,-2.1018312770386918,0.0,0.0,2.0,0.5235987901687622,-0.7853981852531433,1.0471975803375244,0.004708804974382006,179.7097197834844,-179.79165473959196,-0.21437641952684164,119.28316959879572,2.0,0.011123656201182242,3.136526308058193,0.014404683588802068,2.813858550225569
image_0324.jpg,241731000000,11,-0.0027186298195209,0.0009603411510872,2.010743487518494,0.5307616215140083,2.354928952382866,-2.1018312770386918,0.0,0.0,2.0,0.5235987901687622,-0.7853981852531433,1.0471975803375244,0.004708804974382006,179.7097197834844,-179.79165473959196,-0.21437641952684164,119.28316959879572,2.0,0.011123656201182242,3.136526308058193,0.014385383427698422,2.8157565958598783
image_0325.jpg,242223000000,11,-0.0027186298195209,0.0009603411510872,2.010743487518494,0.5307616215140083,2.354928952382866,-2.1018312770386918,0.0,0.0,2.0,1.0471975803375244,-0.5235987901687622,-0.7853981852531433,0.004708804974382006,154.09082402833428,152.40431336760275,-1.7271499664505523,33.43749628027594,2.0,0.011123656201182242,2.6893922264056256,0.01436630899947318,2.8150176229390933
image_0326.jpg,242365000000,11,-0.0027186298195209,0.0009603411510872,2.010743487518494,0.5307616215140083,2.354928952382866,-2.1018312770386918,0.0,0.0,2.0,1.0471975803375244,-0.5235987901687622,-0.7853981852531433,0.004708804974382006,154.09082402833428,152.40431336760275,-1.7271499664505523,33.43749628027594,2.0,0.011123656201182242,2.6893922264056256,0.014347456366924978,2.814287242726689
image_0327.jpg,242527000000,11,-0.0027186298195209,0.0009603411510872,2.010743487518494,0.5307616215140083,2.354928952382866,-2.1018312770386918,0.0,0.0,2.0,1.0471975803375244,-0.5235987901687622,-0.7853981852531433,0.004708804974382006,154.09082402833428,152.40431336760275,-1.7271499664505523,33.43749628027594,2.0,0.011123656201182242,2.6893922264056256,0.014328821683886002,2.8135653062161627
image_0328.jpg,242662000000,11,-0.0027186298195209,0.0009603411510872,2.010743487518494,0.5307616215140083,2.354928952382866,-2.1018312770386918,0.0,0.0,2.0,1.0471975803375244,-0.5235987901687622,-0.7853981852531433,0.004708804974382006,154.09082402833428,152.40431336760275,-1.7271499664505523,33.43749628027594,2.0,0.011123656201182242,2.6893922264056256,0.014310401192606096,2.812851667826447
image_0342.jpg,244402000000,11,0.0013733994035763,-0.0002117890518819,2.0112574301679027,1.0492006232480726,2.6105381127497704,2.3554428616203342,0.0,0.0,2.0,1.0471975803375244,-0.5235987901687622,-0.7853981852531433,0.002378797546078945,179.9006638930462,179.76787314637306,0.37207383648082376,-90.10157359100651,2.0,0.011342875054828325,3.1398589114573348,0.014293443900390224,2.8147202806471947
image_0343.jpg,244642000000,11,0.0013733994035763,-0.0002117890518819,2.0112574301679027,1.0492006232480726,2.6105381127497704,2.3554428616203342,0.0,0.0,2.0,1.0471975803375244,-0.5235987901687622,-0.7853981852531433,0.002378797546078945,179.9006638930462,179.76787314637306,0.37207383648082376,-90.10157359100651,2.0,0.011342875054828325,3.1398589114573348,0.014276679304676803,2.8165676592313433
image_0344.jpg,244812000000,11,0.0013733994035763,-0.0002117890518819,2.0112574301679027,1.0492006232480726,2.6105381127497704,2.3554428616203342,0.0,0.0,2.0,1.0471975803375244,-0.5235987901687622,-0.7853981852531433,0.002378797546078945,179.9006638930462,179.76787314637306,0.37207383648082376,-90.10157359100651,2.0,0.011342875054828325,3.1398589114573348,0.014260104139423423,2.8183941634812077
image_0345.jpg,245146000000,11,0.0013733994035763,-0.0002117890518819,2.0112574301679027,1.0492006232480726,2.6105381127497704,2.3554428616203342,0.0,0.0,2.0,1.0471975803375244,-0.5235987901687622,-0.7853981852531433,0.002378797546078945,179.9006638930462,179.76787314637306,0.37207383648082376,-90.10157359100651,2.0,0.011342875054828325,3.1398589114573348,0.014243715211981877,2.8202001452114107
image_0346.jpg,245479000000,11,0.0013733994035763,-0.0002117890518819,2.0112574301679027,1.0492006232480726,2.6105381127497704,2.3554428616203342,0.0,0.0,2.0,1.0471975803375244,-0.5235987901687622,-0.7853981852531433,0.002378797546078945,179.9006638930462,179.76787314637306,0.37207383648082376,-90.10157359100651,2.0,0.011342875054828325,3.1398589114573348,0.014227509401048057,2.8219859483747958
image_0347.jpg,245789000000,11,0.0013733994035763,-0.0002117890518819,2.0112574301679027,1.0492006232480726,2.6105381127497704,2.3554428616203342,0.0,0.0,2.0,1.0471975803375244,-0.5235987901687622,-0.7853981852531433,0.002378797546078945,179.9006638930462,179.76787314637306,0.37207383648082376,-90.10157359100651,2.0,0.011342875054828325,3.1398589114573348,0.01421148365468017,2.82375190928081
image_0348.jpg,245949000000,11,0.0013733994035763,-0.0002117890518819,2.0112574301679027,1.0492006232480726,2.6105381127497704,2.3554428616203342,0.0,0.0,2.0,1.0471975803375244,-0.5235987901687622,-0.7853981852531433,0.002378797546078945,179.9006638930462,179.76787314637306,0.37207383648082376,-90.10157359100651,2.0,0.011342875054828325,3.1398589114573348,0.014195634988382645,2.825498356806647
image_0349.jpg,246079000000,11,0.0013733994035763,-0.0002117890518819,2.0112574301679027,1.0492006232480726,2.6105381127497704,2.3554428616203342,0.0,0.0,2.0,0.7853981852531433,0.7853981852531433,0.7853981852531433,0.002378797546078945,117.1792948991561,-105.54965494101506,30.694264895870084,25.950144238185977,2.0,0.011342875054828325,2.045164511155671,0.014179960483253227,2.821210808204169
image_0350.jpg,246149000000,11,0.0013733994035763,-0.0002117890518819,2.0112574301679027,1.0492006232480726,2.6105381127497704,2.3554428616203342,0.0,0.0,2.0,0.7853981852531433,0.7853981852531433,0.7853981852531433,0.002378797546078945,117.1792948991561,-105.54965494101506,30.694264895870084,25.950144238185977,2.0,0.011342875054828325,2.045164511155671,0.014164457284190796,2.8169701180563633
image_0351.jpg,246198000000,11,0.0013733994035763,-0.0002117890518819,2.0112574301679027,1.0492006232480726,2.6105381127497704,2.3554428616203342,0.0,0.0,2.0,0.7853981852531433,0.7853981852531433,0.7853981852531433,0.002378797546078945,117.1792948991561,-105.54965494101506,30.694264895870084,25.950144238185977,2.0,0.011342875054828325,2.045164511155671,0.014149122598161652,2.8127755223666857
image_0352.jpg,246198000000,11,0.0013733994035763,-0.0002117890518819,2.0112574301679027,1.0492006232480726,2.6105381127497704,2.3554428616203342,0.0,0.0,2.0,0.7853981852531433,0.7853981852531433,0.7853981852531433,0.002378797546078945,117.1792948991561,-105.54965494101506,30.694264895870084,25.950144238185977,2.0,0.011342875054828325,2.045164511155671,0.014133953692522011,2.808626273657437
image_0365.jpg,247884000000,11,-0.0060574531424201,-0.0016376440053243,2.017046366758668,0.7791732414462942,-2.3513475740046106,-2.361632920460925,0.0,0.0,2.0,0.7853981852531433,0.7853981852531433,0.7853981852531433,0.010491816607139368,179.74765909535995,179.62577539294793,-0.01929409968474739,89.43565472525522,2.0,0.0181646149458724,3.137188473966363,0.014155623914314219,2.810392737099958
image_0366.jpg,248332000000,11,-0.0060287587290072,-0.0011454830038645,2.001960424391371,0.7844862178562222,-2.3487234921866764,-2.3564963903825653,0.0,0.0,2.0,0.7853981852531433,0.7853981852531433,0.7853981852531433,0.010442116425214839,179.96312599662494,179.6713779122851,-0.2767574678771977,89.94641164463725,2.0,0.0064421523514276565,3.1409490808225065,0.01411437540328274,2.8121604180824313
image_0367.jpg,248509000000,11,-0.0060287587290072,-0.0011454830038645,2.001960424391371,0.7844862178562222,-2.3487234921866764,-2.3564963903825653,0.0,0.0,2.0,0.7853981852531433,0.7853981852531433,0.7853981852531433,0.010442116425214839,179.96312599662494,179.6713779122851,-0.2767574678771977,89.94641164463725,2.0,0.0064421523514276565,3.1409490808225065,0.014073565706198405,2.8139092939480705
image_0368.jpg,248620000000,11,-0.0060287587290072,-0.0011454830038645,2.001960424391371,0.7844862178562222,-2.3487234921866764,-2.3564963903825653,0.0,0.0,2.0,0.7853981852531433,0.7853981852531433,0.7853981852531433,0.010442116425214839,179.96312599662494,179.6713779122851,-0.2767574678771977,89.94641164463725,2.0,0.0064421523514276565,3.1409490808225065,0.014033187857760462,2.815639663190792
image_0369.jpg,248744000000,11,-0.0060287587290072,-0.0011454830038645,2.001960424391371,0.7844862178562222,-2.3487234921866764,-2.3564963903825653,0.0,0.0,2.0,0.7853981852531433,0.7853981852531433,0.7853981852531433,0.010442116425214839,179.96312599662494,179.6713779122851,-0.2767574678771977,89.94641164463725,2.0,0.0064421523514276565,3.1409490808225065,0.01399323503930608,2.8173518180204327
image_0370.jpg,248843000000,11,-0.0060287587290072,-0.0011454830038645,2.001960424391371,0.7844862178562222,-2.3487234921866764,-2.3564963903825653,0.0,0.0,2.0,0.7853981852531433,0.7853981852531433,0.7853981852531433,0.010442116425214839,179.96312599662494,179.6713779122851,-0.2767574678771977,89.94641164463725,2.0,0.0064421523514276565,3.1409490808225065,0.01395370057497164,2.8190460445272496
image_0371.jpg,249107000000,11,-0.0060287587290072,-0.0011454830038645,2.001960424391371,0.7844862178562222,-2.3487234921866764,-2.3564963903825653,0.0,0.0,2.0,0.7853981852531433,0.7853981852531433,0.7853981852531433,0.010442116425214839,179.96312599662494,179.6713779122851,-0.2767574678771977,89.94641164463725,2.0,0.0064421523514276565,3.1409490808225065,0.013914577927974014,2.820722622841288
image_0372.jpg,249387000000,11,-0.0060287587290072,-0.0011454830038645,2.001960424391371,0.7844862178562222,-2.3487234921866764,-2.3564963903825653,0.0,0.0,2.0,0.7853981852531433,0.7853981852531433,0.7853981852531433,0.010442116425214839,179.96312599662494,179.6713779122851,-0.2767574678771977,89.94641164463725,2.0,0.0064421523514276565,3.1409490808225065,0.013875860697007452,2.822381827286786
image_0373.jpg,249611000000,11,-0.0060287587290072,-0.0011454830038645,2.001960424391371,0.7844862178562222,-2.3487234921866764,-2.3564963903825653,0.0,0.0,2.0,0.7853981852531433,0.7853981852531433,0.7853981852531433,0.010442116425214839,179.96312599662494,179.6713779122851,-0.2767574678771977,89.94641164463725,2.0,0.0064421523514276565,3.1409490808225065,0.013837542612751885,2.8240239265318157
image_0374.jpg,249856000000,11,-0.0060287587290072,-0.0011454830038645,2.001960424391371,0.7844862178562222,-2.3487234921866764,-2.3564963903825653,0.0,0.0,2.0,0.7853981852531433,0.7853981852531433,0.7853981852531433,0.010442116425214839,179.96312599662494,179.6713779122851,-0.2767574678771977,89.94641164463725,2.0,0.0064421523514276565,3.1409490808225065,0.013799617534488684,2.825649183733306
image_0375.jpg,250114000000,11,-0.0060287587290072,-0.0011454830038645,2.001960424391371,0.7844862178562222,-2.3487234921866764,-2.3564963903825653,0.0,0.0,2.0,-0.5235987901687622,-0.7853981852531433,0.5235987901687622,0.010442116425214839,-94.83670166974967,-35.828264732115386,-62.46246540669218,-48.42593843554371,2.0,0.0064421523514276565,1.6552126958687357,0.013762079446820006,2.819677568999303
image_0376.jpg,250469000000,11,-0.0060287587290072,-0.0011454830038645,2.001960424391371,0.7844862178562222,-2.3487234921866764,-2.3564963903825653,0.0,0.0,2.0,-0.5235987901687622,-0.7853981852531433,0.5235987901687622,0.010442116425214839,-94.83670166974967,-35.828264732115386,-62.46246540669218,-48.42593843554371,2.0,0.0064421523514276565,1.6552126958687357,0.013724922456488067,2.813766579795595
image_0377.jpg,250589000000,11,-0.0060287587290072,-0.0011454830038645,2.001960424391371,0.7844862178562222,-2.3487234921866764,-2.3564963903825653,0.0,0.0,2.0,-0.5235987901687622,-0.7853981852531433,0.5235987901687622,0.010442116425214839,-94.83670166974967,-35.828264732115386,-62.46246540669218,-48.42593843554371,2.0,0.0064421523514276565,1.6552126958687357,0.01368814078929079,2.80791529755354
image_0378.jpg,250663000000,11,-0.0060287587290072,-0.0011454830038645,2.001960424391371,0.7844862178562222,-2.3487234921866764,-2.3564963903825653,0.0,0.0,2.0,-0.5235987901687622,-0.7853981852531433,0.5235987901687622,0.010442116425214839,-94.83670166974967,-35.828264732115386,-62.46246540669218,-48.42593843554371,2.0,0.0064421523514276565,1.6552126958687357,0.013651728787090473,2.8021228221681893
image_0393.jpg,251737000000,11,0.0014425594693085,-0.0037009701657616,2.0092982591698,-0.5354754890967772,2.361630390769971,-2.61459810928708,0.0,0.0,2.0,-0.5235987901687622,-0.7853981852531433,0.5235987901687622,0.0024985862937819186,179.51804952426357,179.42631985431066,-0.026081469552079347,60.67456501186936,2.0,0.01011117112797131,3.13318103095664,0.01363402599879488,2.803778113212131
image_0394.jpg,251906000000,11,0.0014425594693085,-0.0037009701657616,2.0092982591698,-0.5354754890967772,2.361630390769971,-2.61459810928708,0.0,0.0,2.0,-0.5235987901687622,-0.7853981852531433,0.5235987901687622,0.0024985862937819186,179.51804952426357,179.42631985431066,-0.026081469552079347,60.67456501186936,2.0,0.01011117112797131,3.13318103095664,0.013616499357646502,2.8054169336984227
image_0395.jpg,252027000000,11,0.0014425594693085,-0.0037009701657616,2.0092982591698,-0.5354754890967772,2.361630390769971,-2.61459810928708,0.0,0.0,2.0,-0.5235987901687622,-0.7853981852531433,0.5235987901687622,0.0024985862937819186,179.51804952426357,179.42631985431066,-0.026081469552079347,60.67456501186936,2.0,0.01011117112797131,3.13318103095664,0.013599146247598604,2.8070395282393052
image_0396.jpg,252322000000,11,0.0014425594693085,-0.0037009701657616,2.0092982591698,-0.5354754890967772,2.361630390769971,-2.61459810928708,0.0,0.0,2.0,-0.5235987901687622,-0.7853981852531433,0.5235987901687622,0.0024985862937819186,179.51804952426357,179.42631985431066,-0.026081469552079347,60.67456501186936,2.0,0.01011117112797131,3.13318103095664,0.013581964104152165,2.808646136627075
image_0397.jpg,252598000000,11,0.0014425594693085,-0.0037009701657616,2.0092982591698,-0.5354754890967772,2.361630390769971,-2.61459810928708,0.0,0.0,2.0,-0.5235987901687622,-0.7853981852531433,0.5235987901687622,0.0024985862937819186,179.51804952426357,179.42631985431066,-0.026081469552079347,60.67456501186936,2.0,0.01011117112797131,3.13318103095664,0.013564950413092454,2.81023699395222
image_0398.jpg,252835000000,11,0.0014425594693085,-0.0037009701657616,2.0092982591698,-0.5354754890967772,2.361630390769971,-2.61459810928708,0.0,0.0,2.0,-0.5235987901687622,-0.7853981852531433,0.5235987901687622,0.0024985862937819186,179.51804952426357,179.42631985431066,-0.026081469552079347,60.67456501186936,2.0,0.01011117112797131,3.13318103095664,0.013548102709262596,2.811812330718095
image_0399.jpg,253125000000,11,0.0014425594693085,-0.0037009701657616,2.0092982591698,-0.5354754890967772,2.361630390769971,-2.61459810928708,0.0,0.0,2.0,-0.5235987901687622,-0.7853981852531433,0.5235987901687622,0.0024985862937819186,179.51804952426357,179.42631985431066,-0.026081469552079347,60.67456501186936,2.0,0.01011117112797131,3.13318103095664,0.013531418575372831,2.8133723729522626
image_0400.jpg,253453000000,11,0.0014425594693085,-0.0037009701657616,2.0092982591698,-0.5354754890967772,2.361630390769971,-2.61459810928708,0.0,0.0,2.0,-0.5235987901687622,-0.7853981852531433,0.5235987901687622,0.0024985862937819186,179.51804952426357,179.42631985431066,-0.026081469552079347,60.67456501186936,2.0,0.01011117112797131,3.13318103095664,0.013514895640844323,2.814917342314603
image_0401.jpg,253818000000,11,0.0014425594693085,-0.0037009701657616,2.0092982591698,-0.5354754890967772,2.361630390769971,-2.61459810928708,0.0,0.0,2.0,-0.5235987901687622,-0.7853981852531433,0.5235987901687622,0.0024985862937819186,179.51804952426357,179.42631985431066,-0.026081469552079347,60.67456501186936,2.0,0.01011117112797131,3.13318103095664,0.013498531580686278,2.816447456202305
image_0402.jpg,254075000000,11,0.0014425594693085,-0.0037009701657616,2.0092982591698,-0.5354754890967772,2.361630390769971,-2.61459810928708,0.0,0.0,2.0,-0.5235987901687622,-0.7853981852531433,0.5235987901687622,0.0024985862937819186,179.51804952426357,179.42631985431066,-0.026081469552079347,60.67456501186936,2.0,0.01011117112797131,3.13318103095664,0.013482324114405347,2.8179629278518474
image_0403.jpg,254195000000,11,0.0014425594693085,-0.0037009701657616,2.0092982591698,-0.5354754890967772,2.361630390769971,-2.61459810928708,0.0,0.0,2.0,1.0471975803375244,-1.0471975803375244,0.5235987901687622,0.0024985862937819186,128.5082398630657,144.20157932055886,41.781739903640194,124.04075820545731,2.0,0.01011117112797131,2.2428919015531235,0.013466271004946136,2.8152244943932816
image_0404.jpg,254307000000,11,0.0014425594693085,-0.0037009701657616,2.0092982591698,-0.5354754890967772,2.361630390769971,-2.61459810928708,0.0,0.0,2.0,1.0471975803375244,-1.0471975803375244,0.5235987901687622,0.0024985862937819186,128.5082398630657,144.20157932055886,41.781739903640194,124.04075820545731,2.0,0.01011117112797131,2.2428919015531235,0.013450370057661896,2.812512017649964
image_0405.jpg,254560000000,11,0.0014425594693085,-0.0037009701657616,2.0092982591698,-0.5354754890967772,2.361630390769971,-2.61459810928708,0.0,0.0,2.0,1.0471975803375244,-1.0471975803375244,0.5235987901687622,0.0024985862937819186,128.5082398630657,144.20157932055886,41.781739903640194,124.04075820545731,2.0,0.01011117112797131,2.2428919015531235,0.013434619119314298,2.8098251303098842
image_0416.jpg,256228000000,11,-0.0019789059711816,0.0019176143844669,2.008143314527762,1.0386186705624691,2.0751574855063595,-2.607952736076713,0.0,0.0,2.0,1.0471975803375244,-1.0471975803375244,0.5235987901687622,0.0034275656854879637,-179.75280813091447,-179.6541212124984,1.0740949453153428,61.00660477934249,2.0,0.008596911379580071,3.1372783415900916,0.013411906876404749,2.8113624693299792
image_0417.jpg,256367000000,11,-0.0019789059711816,0.0019176143844669,2.008143314527762,1.0386186705624691,2.0751574855063595,-2.607952736076713,0.0,0.0,2.0,1.0471975803375244,-1.0471975803375244,0.5235987901687622,0.0034275656854879637,-179.75280813091447,-179.6541212124984,1.0740949453153428,61.00660477934249,2.0,0.008596911379580071,3.1372783415900916,0.013389406897447623,2.812885440695681
image_0418.jpg,256610000000,11,-0.0019789059711816,0.0019176143844669,2.008143314527762,1.0386186705624691,2.0751574855063595,-2.607952736076713,0.0,0.0,2.0,1.0471975803375244,-1.0471975803375244,0.5235987901687622,0.0034275656854879637,-179.75280813091447,-179.6541212124984,1.0740949453153428,61.00660477934249,2.0,0.008596911379580071,3.1372783415900916,0.013367116220620333,2.8143942448858867
image_0419.jpg,256807000000,11,-0.0019789059711816,0.0019176143844669,2.008143314527762,1.0386186705624691,2.0751574855063595,-2.607952736076713,0.0,0.0,2.0,1.0471975803375244,-1.0471975803375244,0.5235987901687622,0.0034275656854879637,-179.75280813091447,-179.6541212124984,1.0740949453153428,61.00660477934249,2.0,0.008596911379580071,3.1372783415900916,0.01334503193894885,2.815889078666925
image_0420.jpg,256905000000,11,-0.0019789059711816,0.0019176143844669,2.008143314527762,1.0386186705624691,2.0751574855063595,-2.607952736076713,0.0,0.0,2.0,1.0471975803375244,-1.0471975803375244,0.5235987901687622,0.0034275656854879637,-179.75280813091447,-179.6541212124984,1.0740949453153428,61.00660477934249,2.0,0.008596911379580071,3.1372783415900916,0.013323151199043924,2.8173701351780918
image_0421.jpg,257176000000,11,-0.0019789059711816,0.0019176143844669,2.008143314527762,1.0386186705624691,2.0751574855063595,-2.607952736076713,0.0,0.0,2.0,1.0471975803375244,-1.0471975803375244,0.5235987901687622,0.0034275656854879637,-179.75280813091447,-179.6541212124984,1.0740949453153428,61.00660477934249,2.0,0.008596911379580071,3.1372783415900916,0.013301471199872072,2.8188376040148437
image_0422.jpg,257295000000,11,-0.0019789059711816,0.0019176143844669,2.008143314527762,1.0386186705624691,2.0751574855063595,-2.607952736076713,0.0,0.0,2.0,1.0471975803375244,-1.0471975803375244,0.5235987901687622,0.0034275656854879637,-179.75280813091447,-179.6541212124984,1.0740949453153428,61.00660477934249,2.0,0.008596911379580071,3.1372783415900916,0.013279989191560237,2.820291671309708
image_0423.jpg,257457000000,11,-0.0019789059711816,0.0019176143844669,2.008143314527762,1.0386186705624691,2.0751574855063595,-2.607952736076713,0.0,0.0,2.0,1.0471975803375244,-1.0471975803375244,0.5235987901687622,0.0034275656854879637,-179.75280813091447,-179.6541212124984,1.0740949453153428,61.00660477934249,2.0,0.008596911379580071,3.1372783415900916,0.013258702474233055,2.8217325198109826
image_0424.jpg,257739000000,11,-0.0019789059711816,0.0019176143844669,2.008143314527762,1.0386186705624691,2.0751574855063595,-2.607952736076713,0.0,0.0,2.0,1.0471975803375244,-1.0471975803375244,0.5235987901687622,0.0034275656854879637,-179.75280813091447,-179.6541212124984,1.0740949453153428,61.00660477934249,2.0,0.008596911379580071,3.1372783415900916,0.013237608396881683,2.8231603289593044
image_0425.jpg,257911000000,11,-0.0019789059711816,0.0019176143844669,2.008143314527762,1.0386186705624691,2.0751574855063595,-2.607952736076713,0.0,0.0,2.0,1.0471975803375244,-1.0471975803375244,0.5235987901687622,0.0034275656854879637,-179.75280813091447,-179.6541212124984,1.0740949453153428,61.00660477934249,2.0,0.008596911379580071,3.1372783415900916,0.013216704356263207,2.8245752749621458
image_0426.jpg,258115000000,11,-0.0019789059711816,0.0019176143844669,2.008143314527762,1.0386186705624691,2.0751574855063595,-2.607952736076713,0.0,0.0,2.0,-0.5235987901687622,1.0471975803375244,-1.0471975803375244,0.0034275656854879637,173.5942863706635,10.5330550039561,39.72889925915268,176.97831441122483,2.0,0.008596911379580071,3.0297918598179963,0.01319598779582965,2.825495528705894
image_0427.jpg,258154000000,11,-0.0019789059711816,0.0019176143844669,2.008143314527762,1.0386186705624691,2.0751574855063595,-2.607952736076713,0.0,0.0,2.0,-0.5235987901687622,1.0471975803375244,-1.0471975803375244,0.0034275656854879637,173.5942863706635,10.5330550039561,39.72889925915268,176.97831441122483,2.0,0.008596911379580071,3.0297918598179963,0.013175456204685678,2.8264075658983585
image_0428.jpg,258154000000,11,-0.0019789059711816,0.0019176143844669,2.008143314527762,1.0386186705624691,2.0751574855063595,-2.607952736076713,0.0,0.0,2.0,-0.5235987901687622,1.0471975803375244,-1.0471975803375244,0.0034275656854879637,173.5942863706635,10.5330550039561,39.72889925915268,176.97831441122483,2.0,0.008596911379580071,3.0297918598179963,0.013155107116574099,2.8273114960935573
image_0429.jpg,258154000000,11,-0.0019789059711816,0.0019176143844669,2.008143314527762,1.0386186705624691,2.0751574855063595,-2.607952736076713,0.0,0.0,2.0,-0.5235987901687622,1.0471975803375244,-1.0471975803375244,0.0034275656854879637,173.5942863706635,10.5330550039561,39.72889925915268,176.97831441122483,2.0,0.008596911379580071,3.0297918598179963,0.013134938108888284,2.8282074269064967
image_0438.jpg,260181000000,11,-0.0062500986133293,-0.0012515166886888,2.0346463191996893,-0.5428337921195117,-2.0991563780301643,2.066843769291297,0.0,0.0,2.0,-0.5235987901687622,1.0471975803375244,-1.0471975803375244,0.010825488350602134,-179.45050386405248,179.48996511072949,-0.34703192031397395,-122.53016085409583,2.0,0.03522779386770007,3.132002136790523,0.013232263464653974,2.8295457295932107
image_0439.jpg,260409000000,11,-0.0062500986133293,-0.0012515166886888,2.0346463191996893,-0.5428337921195117,-2.0991563780301643,2.066843769291297,0.0,0.0,2.0,-0.5235987901687622,1.0471975803375244,-1.0471975803375244,0.010825488350602134,-179.45050386405248,179.48996511072949,-0.34703192031397395,-122.53016085409583,2.0,0.03522779386770007,3.132002136790523,0.013328735089228739,2.830872292782673
image_0440.jpg,260658000000,11,-0.0062500986133293,-0.0012515166886888,2.0346463191996893,-0.5428337921195117,-2.0991563780301643,2.066843769291297,0.0,0.0,2.0,-0.5235987901687622,1.0471975803375244,-1.0471975803375244,0.010825488350602134,-179.45050386405248,179.48996511072949,-0.34703192031397395,-122.53016085409583,2.0,0.03522779386770007,3.132002136790523,0.013424364166863984,2.832187270267423
image_0441.jpg,260832000000,11,-0.0062500986133293,-0.0012515166886888,2.0346463191996893,-0.5428337921195117,-2.0991563780301643,2.066843769291297,0.0,0.0,2.0,-0.5235987901687622,1.0471975803375244,-1.0471975803375244,0.010825488350602134,-179.45050386405248,179.48996511072949,-0.34703192031397395,-122.53016085409583,2.0,0.03522779386770007,3.132002136790523,0.013519161687302403,2.8334908131653496
image_0442.jpg,260976000000,11,-0.0062500986133293,-0.0012515166886888,2.0346463191996893,-0.5428337921195117,-2.0991563780301643,2.066843769291297,0.0,0.0,2.0,-0.5235987901687622,1.0471975803375244,-1.0471975803375244,0.010825488350602134,-179.45050386405248,179.48996511072949,-0.34703192031397395,-122.53016085409583,2.0,0.03522779386770007,3.132002136790523,0.013613138449988108,2.83478306997758
image_0443.jpg,261123000000,11,-0.0062500986133293,-0.0012515166886888,2.0346463191996893,-0.5428337921195117,-2.0991563780301643,2.066843769291297,0.0,0.0,2.0,-0.5235987901687622,1.0471975803375244,-1.0471975803375244,0.010825488350602134,-179.45050386405248,179.48996511072949,-0.34703192031397395,-122.53016085409583,2.0,0.03522779386770007,3.132002136790523,0.0137063050681679,2.836064186644877
image_0444.jpg,261248000000,11,-0.0062500986133293,-0.0012515166886888,2.0346463191996893,-0.5428337921195117,-2.0991563780301643,2.066843769291297,0.0,0.0,2.0,-0.5235987901687622,1.0471975803375244,-1.0471975803375244,0.010825488350602134,-179.45050386405248,179.48996511072949,-0.34703192031397395,-122.53016085409583,2.0,0.03522779386770007,3.132002136790523,0.01379867197288692,2.8373343066025836
image_0445.jpg,261421000000,11,-0.0062500986133293,-0.0012515166886888,2.0346463191996893,-0.5428337921195117,-2.0991563780301643,2.066843769291297,0.0,0.0,2.0,-0.5235987901687622,1.0471975803375244,-1.0471975803375244,0.010825488350602134,-179.45050386405248,179.48996511072949,-0.34703192031397395,-122.53016085409583,2.0,0.03522779386770007,3.132002136790523,0.01389024941688185,2.8385935708341563
image_0446.jpg,261641000000,11,-0.0062500986133293,-0.0012515166886888,2.0346463191996893,-0.5428337921195117,-2.0991563780301643,2.066843769291297,0.0,0.0,2.0,-0.5235987901687622,1.0471975803375244,-1.0471975803375244,0.010825488350602134,-179.45050386405248,179.48996511072949,-0.34703192031397395,-122.53016085409583,2.0,0.03522779386770007,3.132002136790523,0.013981047478374694,2.839842117923332
image_0447.jpg,261904000000,11,-0.0062500986133293,-0.0012515166886888,2.0346463191996893,-0.5428337921195117,-2.0991563780301643,2.066843769291297,0.0,0.0,2.0,-0.5235987901687622,1.0471975803375244,-1.0471975803375244,0.010825488350602134,-179.45050386405248,179.48996511072949,-0.34703192031397395,-122.53016085409583,2.0,0.03522779386770007,3.132002136790523,0.014071076064770139,2.8410800841049726
image_0448.jpg,262078000000,11,-0.0062500986133293,-0.0012515166886888,2.0346463191996893,-0.5428337921195117,-2.0991563780301643,2.066843769291297,0.0,0.0,2.0,0.7853981852531433,-1.0471975803375244,1.0471975803375244,0.010825488350602134,-52.92756901847162,45.905259959811346,8.943346628398844,-22.078259914662958,2.0,0.03522779386770007,0.9237603444488732,0.014160344916259296,2.832990127397563
image_0449.jpg,262240000000,11,-0.005721333160649,-0.0002594445201925,2.016628556567412,-0.5203564488028061,-2.086119162171717,2.086280258781386,0.0,0.0,2.0,0.7853981852531433,-1.0471975803375244,1.0471975803375244,0.009909639721272696,-51.64068828987332,45.91600773732934,7.9585051750854445,-19.846569452031503,2.0,0.017587207228830316,0.9013000386543694,0.014174743497404553,2.8248737824868777
image_0450.jpg,262365000000,11,-0.005721333160649,-0.0002594445201925,2.016628556567412,-0.5203564488028061,-2.086119162171717,2.086280258781386,0.0,0.0,2.0,0.7853981852531433,-1.0471975803375244,1.0471975803375244,0.009909639721272696,-51.64068828987332,45.91600773732934,7.9585051750854445,-19.846569452031503,2.0,0.017587207228830316,0.9013000386543694,0.01418902158833102,2.8168253567804653
image_0451.jpg,262483000000,11,-0.005721333160649,-0.0002594445201925,2.016628556567412,-0.5203564488028061,-2.086119162171717,2.086280258781386,0.0,0.0,2.0,0.7853981852531433,-1.0471975803375244,1.0471975803375244,0.009909639721272696,-51.64068828987332,45.91600773732934,7.9585051750854445,-19.846569452031503,2.0,0.017587207228830316,0.9013000386543694,0.014203180695166434,2.808844001288273
image_0463.jpg,264492000000,11,-0.0028534006918027,0.0017371568402563,2.017897810401341,0.7877680271291316,2.096924687169144,-2.0952801990066936,0.0,0.0,2.0,0.7853981852531433,-1.0471975803375244,1.0471975803375244,0.00494223497255446,-179.9320245214618,179.90863608816605,-0.1314858136455661,119.83188944889673,2.0,0.018206900520351798,3.140406257678683,0.014219793640499153,2.810219778285744
image_0464.jpg,264816000000,11,-0.0028534006918027,0.0017371568402563,2.017897810401341,0.7877680271291316,2.096924687169144,-2.0952801990066936,0.0,0.0,2.0,0.7853981852531433,-1.0471975803375244,1.0471975803375244,0.00494223497255446,-179.9320245214618,179.90863608816605,-0.1314858136455661,119.83188944889673,2.0,0.018206900520351798,3.140406257678683,0.014236269288763008,2.811584185225384
image_0465.jpg,264991000000,11,-0.0028534006918027,0.0017371568402563,2.017897810401341,0.7877680271291316,2.096924687169144,-2.0952801990066936,0.0,0.0,2.0,0.7853981852531433,-1.0471975803375244,1.0471975803375244,0.00494223497255446,-179.9320245214618,179.90863608816605,-0.1314858136455661,119.83188944889673,2.0,0.018206900520351798,3.140406257678683,0.014252609334983537,2.8129373624782783
image_0466.jpg,265262000000,11,-0.0028534006918027,0.0017371568402563,2.017897810401341,0.7877680271291316,2.096924687169144,-2.0952801990066936,0.0,0.0,2.0,0.7853981852531433,-1.0471975803375244,1.0471975803375244,0.00494223497255446,-179.9320245214618,179.90863608816605,-0.1314858136455661,119.83188944889673,2.0,0.018206900520351798,3.140406257678683,0.014268815446398981,2.8142794481143456
image_0467.jpg,265422000000,11,-0.0028534006918027,0.0017371568402563,2.017897810401341,0.7877680271291316,2.096924687169144,-2.0952801990066936,0.0,0.0,2.0,0.7853981852531433,-1.0471975803375244,1.0471975803375244,0.00494223497255446,-179.9320245214618,179.90863608816605,-0.1314858136455661,119.83188944889673,2.0,0.018206900520351798,3.140406257678683,0.014284889263027359,2.815610577949302
image_0468.jpg,265576000000,11,-0.0028534006918027,0.0017371568402563,2.017897810401341,0.7877680271291316,2.096924687169144,-2.0952801990066936,0.0,0.0,2.0,0.7853981852531433,-1.0471975803375244,1.0471975803375244,0.00494223497255446,-179.9320245214618,179.90863608816605,-0.1314858136455661,119.83188944889673,2.0,0.018206900520351798,3.140406257678683,0.014300832398219736,2.8169308855904784
image_0469.jpg,265714000000,11,-0.0028534006918027,0.0017371568402563,2.017897810401341,0.7877680271291316,2.096924687169144,-2.0952801990066936,0.0,0.0,2.0,0.7853981852531433,-1.0471975803375244,1.0471975803375244,0.00494223497255446,-179.9320245214618,179.90863608816605,-0.1314858136455661,119.83188944889673,2.0,0.018206900520351798,3.140406257678683,0.014316646439200028,2.8182405024815234
image_0470.jpg,266149000000,11,-0.0028534006918027,0.0017371568402563,2.017897810401341,0.7877680271291316,2.096924687169144,-2.0952801990066936,0.0,0.0,2.0,0.7853981852531433,-1.0471975803375244,1.0471975803375244,0.00494223497255446,-179.9320245214618,179.90863608816605,-0.1314858136455661,119.83188944889673,2.0,0.018206900520351798,3.140406257678683,0.014332332947591769,2.8195395579460283
image_0471.jpg,266297000000,11,-0.0028534006918027,0.0017371568402563,2.017897810401341,0.7877680271291316,2.096924687169144,-2.0952801990066936,0.0,0.0,2.0,0.7853981852531433,-1.0471975803375244,1.0471975803375244,0.00494223497255446,-179.9320245214618,179.90863608816605,-0.1314858136455661,119.83188944889673,2.0,0.018206900520351798,3.140406257678683,0.01434789345993217,2.8208281792300953
image_0472.jpg,266428000000,11,-0.0028534006918027,0.0017371568402563,2.017897810401341,0.7877680271291316,2.096924687169144,-2.0952801990066936,0.0,0.0,2.0,0.7853981852531433,-1.0471975803375244,1.0471975803375244,0.00494223497255446,-179.9320245214618,179.90863608816605,-0.1314858136455661,119.83188944889673,2.0,0.018206900520351798,3.140406257678683,0.014363329488173848,2.82210649154389
image_0473.jpg,266512000000,11,-0.0028534006918027,0.0017371568402563,2.017897810401341,0.7877680271291316,2.096924687169144,-2.0952801990066936,0.0,0.0,2.0,0.7853981852531433,-1.0471975803375244,1.0471975803375244,0.00494223497255446,-179.9320245214618,179.90863608816605,-0.1314858136455661,119.83188944889673,2.0,0.018206900520351798,3.140406257678683,0.014378642520174557,2.823374618102196
