image_file,tag_id,tx,ty,tz,rx,ry,rz
image_0056.jpg,11,0.09728487811645999,0.06433677465540935,0.4212767650571277,2.0924606574190703,-0.5641587460700859,1.1907311141299253
image_0057.jpg,11,0.052008472311289425,0.03734977797983366,0.4466069442377185,2.093841130230761,-0.6953567449973233,1.0511322255556061
image_0058.jpg,11,-0.009225111567508128,-0.0193109932457115,0.48982154205501965,2.1191350484783986,-0.8234231976746703,0.8655992800104285
image_0059.jpg,11,-0.03386334991288744,-0.042819688202751414,0.48143121283346235,2.145574851481895,-0.8816417540079715,0.8050470426201016
image_0060.jpg,11,-0.06519872402768054,-0.03863755189521751,0.4850077518251313,2.1463185969034506,-0.9200678854337239,0.7813322753469749
image_0061.jpg,11,-0.09331042330233907,-0.0357045128601023,0.49591929810524926,2.147394519480735,-0.9352359135528463,0.7806215254894285
image_0062.jpg,11,-0.1085111613867152,-0.029499630709952412,0.526876677479271,2.1437106454019426,-0.9163378695698072,0.7171094969832152
image_0063.jpg,11,-0.12198778899696765,-0.061448096844305695,0.5222932731228872,2.198671253633426,-0.9683384015872932,0.6253490084662034
image_0064.jpg,11,-0.11862168575775606,-0.09264312580900724,0.5199440646977542,2.247846738345258,-1.0164081461558232,0.5122365560167481
image_0065.jpg,11,-0.09704156633421737,-0.10747458446514192,0.5510721686845934,2.267826711537626,-0.9835691259907993,0.41494240772401236
image_0066.jpg,11,-0.10026726224441883,-0.10696680797666323,0.5620701841087254,2.264136093810791,-0.992550315096834,0.3981606891210178
image_0067.jpg,11,-0.0965597355723774,-0.10441818281277916,0.5815128255573012,2.2626390622355768,-0.9765080730109308,0.36450377160811187
image_0068.jpg,11,-0.11195335037264095,-0.08807316658646372,0.6086910522071293,2.227309998477766,-0.9542331333469649,0.3221163146124009
image_0069.jpg,11,-0.14231218605848162,-0.08679139440245721,0.5983757175584657,2.230274470560891,-0.9738462000355395,0.3252960987634352
image_0070.jpg,11,-0.1611201550255246,-0.09202776526453967,0.5906166013213616,2.2373335517943924,-0.9973095133733672,0.3199770646657852
image_0071.jpg,11,-0.1717209964408213,-0.10096886703954246,0.5863222011318288,2.2470161859645845,-1.0126763012172633,0.3191783653974698
image_0072.jpg,11,-0.1564282436244574,-0.12317805805676263,0.6037189091797864,2.272809982278606,-1.004117986420655,0.2389937157496833
image_0073.jpg,11,-0.14290367377411273,-0.14173512029288718,0.6070790026350721,2.291792236546341,-0.981405193696591,0.17887281145904613
image_0074.jpg,11,-0.08886528854931727,-0.15172956337639687,0.6342992488793301,2.292348207790197,-0.9537511899737716,0.09278265669559754
image_0075.jpg,11,-0.051013797880606525,-0.1529321314833024,0.653865949494016,2.2874637369100466,-0.9378603237211202,0.0662116908230219
image_0076.jpg,11,-0.0034329971256912076,-0.15489147715312684,0.6691647834409551,2.276194005537259,-0.8948862640318918,0.009402608194860258
image_0077.jpg,11,0.02392610596122549,-0.1573214932357531,0.6761593153532838,2.268376393823653,-0.8803162481787267,-0.017233631522172634
image_0078.jpg,11,0.04782413524391699,-0.1624688903516775,0.6821288822508184,2.2751318358350128,-0.8620617420832926,-0.05454894733741951
image_0079.jpg,11,0.07458680648852865,-0.16368180487883582,0.6806153545708513,2.2804283982122753,-0.8596476025588697,-0.0819329322549733
image_0080.jpg,11,0.09610972759586538,-0.17235443041820792,0.6817061508906057,2.288221380077663,-0.8394929625454872,-0.11206229180144267
image_0081.jpg,11,0.10809580897241453,-0.17648092155668754,0.6812778655615092,2.294319504760814,-0.8285834657008072,-0.11916493578776782
image_0082.jpg,11,0.11537605645515803,-0.1777390096792141,0.6745389110349136,2.2971736763438937,-0.8275551244506212,-0.11617896212366997
image_0083.jpg,11,0.12091582337342631,-0.17689306681882086,0.6648898370919698,2.3029591481175453,-0.8585210605201892,-0.11485445886711279
image_0084.jpg,11,0.10331947591288503,-0.17207423588998547,0.6433115348313004,2.3049404636686672,-0.908577813054249,-0.09005697861763334
image_0085.jpg,11,0.09245776587265135,-0.16023977804300005,0.6371258894458824,2.3045174494802367,-0.9539590752400504,-0.04338240786061949
image_0086.jpg,11,0.08995078619505112,-0.136704921524193,0.6346826752317778,2.2867286661829382,-0.9804883594044503,0.014468805859300193
image_0087.jpg,11,0.08840915601656282,-0.10347771930826803,0.6452195776891363,2.24852955502209,-1.0110907149217352,-0.0136683863473709
image_0088.jpg,11,0.059156946152094984,-0.05748226588257044,0.6410548117043587,2.1895623453214608,-1.0634542906129287,0.005561164020169826
image_0089.jpg,11,-0.01582672147096201,0.04100475412938335,0.6385350799428049,2.0651225665617,-1.2629182405020636,0.006059156007368679
image_0090.jpg,11,-0.03235494578163472,0.08254133177484746,0.6365540506506904,2.0023843610783274,-1.3144704480067348,0.014951735028047608
image_0091.jpg,11,-0.03851181836392675,0.11792876211091141,0.6432340264097751,1.9501240391447436,-1.3445462468173202,0.02942141622701693
image_0092.jpg,11,-0.04480448172005364,0.13733414405199437,0.6412204298160826,1.9090401506759835,-1.3585978734440536,0.049280729914547336
image_0102.jpg,11,-0.21869573840872508,0.08032875718257482,0.5751998856114332,1.9206045422688343,-1.6653200989442112,-0.0398215330630385
image_0103.jpg,11,-0.20513757925921963,0.060541377545423984,0.5787834703135647,1.9444668334126909,-1.6640778721102747,-0.10136322449023256
image_0104.jpg,11,-0.1511131669975067,0.024454101549183867,0.594028443509304,1.9655331680078125,-1.6673507347841137,-0.2599384591053081
image_0105.jpg,11,-0.12636129383009312,0.018941721295049428,0.6035403070098462,1.953693145590239,-1.6447032245970483,-0.29295298455643476
image_0106.jpg,11,-0.12735034544336263,-0.0030575378684326946,0.5903664570269661,1.9634331206905873,-1.6520290231267103,-0.331428028004551
image_0107.jpg,11,-0.14381846736125314,-0.04472874027605492,0.5568793663672438,2.0086025943937473,-1.699175361928748,-0.3952596107550697
image_0108.jpg,11,-0.15252433840175555,-0.061002643728634856,0.5308714577634475,2.0093857467496967,-1.7505218455491496,-0.4631518616317328
image_0109.jpg,11,-0.15488992754410477,-0.04405791579364185,0.5244497625958846,1.9657376781158784,-1.7846680754288782,-0.47501066158040633
image_0110.jpg,11,-0.15973661986591012,-0.02886124087965938,0.531211881120873,1.9485806116614033,-1.8225294940780266,-0.44985995100983156
image_0111.jpg,11,-0.16564958734796936,-0.03421689981049623,0.5151303114340426,1.9387885930300388,-1.8562086000725844,-0.4830623923663429
image_0112.jpg,11,-0.17303195599544274,-0.018977348842734533,0.4949882909404086,1.9072094826106072,-1.9104817057662047,-0.4492120787790695
image_0113.jpg,11,-0.17806484529436517,0.007514581255145639,0.4765310677613999,1.854082157082373,-1.9610222958586983,-0.38794817164363365
image_0114.jpg,11,-0.166405142119419,0.07592518207231003,0.4609153991395148,1.7423869483976886,-2.1059560226258034,-0.3146855665242176
image_0115.jpg,11,-0.1353345461939835,0.08187105456231199,0.47276733700232143,1.7074460802166813,-2.072784502558036,-0.3240217997113171
image_0116.jpg,11,-0.11962370023351318,0.08620051052568337,0.4818274004462505,1.6817722145352605,-2.0647006122391933,-0.3364431394348121
image_0117.jpg,11,-0.12097637138871434,0.09514944819299463,0.4785226758598468,1.6579031185387785,-2.0755360490306733,-0.33057761699775173
image_0133.jpg,11,-0.05699810995980602,0.07528309291722354,0.38062645975092657,1.7119490504112336,-1.7176192939904409,0.5992557396922843
image_0134.jpg,11,-0.047824065609110566,0.04767148180603459,0.3946918007610304,1.783684199677555,-1.6709556518244026,0.589061374997929
image_0135.jpg,11,-0.04081546154924183,0.03931491840888578,0.4135741526291012,1.8452736321003664,-1.6509191614735035,0.6209207321318101
image_0136.jpg,11,-0.03763128963279177,0.0422330781763285,0.4198798283186097,1.8380581239542355,-1.6396171320508837,0.5937590990982167
image_0137.jpg,11,-0.0362627149207779,0.051234431386465454,0.4261809266020517,1.8263571391872686,-1.6459055975938608,0.5915758561008458
image_0138.jpg,11,-0.03842003458087442,0.059848998605104994,0.4172082512743597,1.791388160515936,-1.6537793437712525,0.6178321224382662
image_0139.jpg,11,-0.03802393374941686,0.05089861675075123,0.4224260605826593,1.8049687835980852,-1.6336196273863157,0.6168657679114041
image_0140.jpg,11,-0.02487264843649827,0.008868422266356327,0.4311137055052772,1.8739224030593646,-1.5749085903157773,0.6086219417832168
image_0141.jpg,11,-0.001932734472007051,-0.024167666873036432,0.4490289909652057,1.9488141061973816,-1.5171602473705856,0.5979595288982894
image_0142.jpg,11,0.01473233527634596,-0.00851370678550442,0.4761569226829891,1.9464561277231294,-1.5096875288423879,0.5266676476261273
image_0143.jpg,11,0.018987914959419077,0.012114523131593367,0.49580529262487494,1.898534996576383,-1.5068801816159907,0.48074386643804295
image_0144.jpg,11,0.0301114304847785,0.05168627544371553,0.5238182080254772,1.8242998815882374,-1.5018367539276318,0.41941431498175596
image_0145.jpg,11,0.04206273494923944,0.07770569440706833,0.5456373445150393,1.7772169586818471,-1.5017698877049235,0.3910781161590536
image_0146.jpg,11,0.058532188270512556,0.10238929205798253,0.5662507862885408,1.7371930143147265,-1.479706437234544,0.34680810025037584
image_0147.jpg,11,0.09530073537402808,0.1395991256419178,0.6061424055790685,1.663589395500435,-1.447492394135549,0.2500127930686998
image_0148.jpg,11,0.12710593936376516,0.14234394631057523,0.6278230343107878,1.6483112060270728,-1.4075741709125595,0.18538862420410787
image_0149.jpg,11,0.14363173328932619,0.13908458221579914,0.6387245611524994,1.6560668258276232,-1.3933022605878915,0.14478847355840962
image_0150.jpg,11,0.1595064908182883,0.12870439144343415,0.6495340848455534,1.6706747553138757,-1.369960769798328,0.12081170095661511
image_0151.jpg,11,0.17409462457127137,0.10617095185436755,0.6584242820720084,1.703464198404727,-1.337720371603174,0.10314044668171517
image_0152.jpg,11,0.20086750298014625,0.03803515952619171,0.6600249893709855,1.810137262553912,-1.2527024942785574,0.07395031854575013
image_0153.jpg,11,0.20337017277422773,0.008770492143120933,0.6520806378886358,1.848760415197017,-1.2436765694285181,0.06270195212381982
image_0154.jpg,11,0.20212077598210976,-0.01668319381834042,0.643510520953171,1.8872599560299563,-1.248172747505487,0.04343034923468832
image_0155.jpg,11,0.19483756054500806,-0.03858417891785556,0.6301755276927375,1.9054476267782419,-1.2465668058502457,0.057557724950228796
image_0156.jpg,11,0.18773878240470726,-0.05897385213726356,0.6169875191501325,1.9319314639157072,-1.2507884423342253,0.06466712691879935
image_0157.jpg,11,0.18752779838263361,-0.08297703377642018,0.6038965770258373,1.9562902128077986,-1.2483223983222307,0.04007387057183699
image_0158.jpg,11,0.1887721958448985,-0.11766637639827801,0.5877352484844461,2.0183844694311315,-1.2241646015034602,0.054042230902429725
image_0159.jpg,11,0.1660013974072389,-0.14221159498880984,0.5616413068750724,2.0500464205932287,-1.2362948059688488,0.06759573353624294
image_0160.jpg,11,0.12795735122682797,-0.1431426938547511,0.5502716492996229,2.062108140944292,-1.2426978133610445,0.1161009570720123
image_0161.jpg,11,0.055451943894015115,-0.13314235100216792,0.5340077673367026,2.050896251283586,-1.3000508432653506,0.21940303892847565
image_0162.jpg,11,-0.006051024286440899,-0.1265997739067777,0.5140202318173211,2.0447583842672485,-1.3527460237031423,0.3187552934104684
image_0163.jpg,11,-0.056413852378153384,-0.12456877874451833,0.49477097479958054,2.050434316886654,-1.390533715331517,0.38602735623874457
image_0164.jpg,11,-0.12697418104969263,-0.10783334228596113,0.45875758379382237,2.0233235813806814,-1.4625037529526792,0.5018892918195366
image_0166.jpg,11,-0.17063106767985184,-0.08478982447316456,0.49914819599172067,2.0448670236491826,-1.5257252699510748,0.5496078283137951
image_0167.jpg,11,-0.16525484388213652,-0.026194095197716778,0.4841391886698062,1.8824758752298933,-1.5434357365599356,0.47680958647718963
image_0168.jpg,11,-0.1639737926465069,0.0077108789700258305,0.4991610230328562,1.814565298835271,-1.5573813155230551,0.44936064175135704
image_0169.jpg,11,-0.1602915530183363,0.041862198248217325,0.5152607866243191,1.7480618900715688,-1.571633780894286,0.4297477653841571
image_0170.jpg,11,-0.15213695752894527,0.09386352928407149,0.5254536606548235,1.6366817523167279,-1.5872342499380272,0.39548130535284926
image_0171.jpg,11,-0.15189744295841234,0.09607635207195386,0.5266598525774443,1.6436730148386784,-1.5911925080834348,0.40836596245314477
image_0172.jpg,11,-0.15235524300133294,0.09707731570021101,0.5266303105708767,1.6266826300440844,-1.5893644291891158,0.41267233773329587
image_0173.jpg,11,-0.15219035967220754,0.09416964452083046,0.5258370235984589,1.6348783709765977,-1.5919154215458229,0.40493874378527184
image_0174.jpg,11,-0.143367658106974,0.10989294794817751,0.5517028671271624,1.6351429289373949,-1.6194907128859792,0.3116000278788183
image_0175.jpg,11,-0.1659910709887024,0.10445586361505997,0.5176374400682545,1.6221401359841912,-1.6383520051800808,0.3369779036067406
image_0176.jpg,11,-0.19186156118748077,0.10382773647453968,0.49096899230404684,1.6020842213879538,-1.667693465132642,0.3869226702051821
image_0188.jpg,11,-0.21615607818210003,0.1761393238506861,0.6100001426102303,1.5407942825784113,-1.3386729328173708,0.40372984014240404
image_0189.jpg,11,-0.20053426054089218,0.1528545095029113,0.6554263868990211,1.6007845501373745,-1.1971680077878413,0.4005099211721166
image_0190.jpg,11,-0.18647094253724888,0.1435666802742359,0.6936921277901333,1.6292083915461868,-1.103674419089552,0.3760654915627442
image_0191.jpg,11,-0.17405799795020704,0.13679144086313325,0.7175081770431331,1.64269188257987,-1.0261902777062017,0.33894944659975296
image_0192.jpg,11,-0.13872721747643604,0.11064790201710453,0.7864417875404668,1.68745545661575,-0.895884714502773,0.13599368669882564
image_0193.jpg,11,-0.13249027784697132,0.08604917745725939,0.786516385733042,1.7226378208345523,-0.9435624436663187,0.04634763936161434
image_0194.jpg,11,-0.12085693629108538,0.06666880637893988,0.7889168023049811,1.7505018055850396,-0.9706194914062869,-0.02278392903189434
image_0195.jpg,11,-0.10991124897063069,0.06124208298270597,0.7902415753936213,1.7519144124624089,-1.036376175339606,-0.1318465078531692
image_0196.jpg,11,-0.09866664469352153,0.06653545502155318,0.792523347321499,1.738630472081333,-1.0535433340780027,-0.1923719904903076
image_0197.jpg,11,-0.08080703708180106,0.11636174731071193,0.8069227483234225,1.6637864640617683,-1.039356673608446,-0.19320406342848512
image_0198.jpg,11,-0.08104832428950567,0.22302437188155871,0.8025891153242805,1.5205941688560918,-1.0159547888788185,-0.08464549821850378
image_0199.jpg,11,-0.08404568211994559,0.2787294178382069,0.8059520446233195,1.4501719903166514,-0.9271780081613767,0.06790657395617372
image_0200.jpg,11,-0.09792617546974768,0.23982731515884237,0.8179216969727,1.5126868339884372,-0.6795297802937167,0.31366627950689885
image_0201.jpg,11,-0.0855807990632604,0.22305822615386367,0.8277202436395811,1.521827320726227,-0.5629115058700224,0.4100953111671374
image_0202.jpg,11,-0.05461790413984501,0.19290259380721383,0.7871635647058329,1.5186482626369564,-0.41097502840722855,0.48216022294377114
image_0204.jpg,11,0.0048788463173827885,0.2245669588783484,0.8641358340748886,1.5107644732951073,-0.2623089253955406,0.4890721562936243
image_0205.jpg,11,-0.0019905634917586727,0.21869969800290784,0.8205450245349047,1.487199585900452,-0.2845989899478066,0.4816753984276158
image_0206.jpg,11,-0.028931816054510336,0.24439284168837078,0.8190444193115715,1.4502286879594068,-0.30219067030938485,0.4863316686501665
image_0207.jpg,11,-0.039151652230391576,0.2609577968143181,0.8201147182012772,1.4280187096002628,-0.3100297485213024,0.4961769118305021
image_0208.jpg,11,-0.05038489947673191,0.24946835362190678,0.8058094390717437,1.4283156072903083,-0.30701308326885995,0.5431074914335117
image_0209.jpg,11,-0.05808176072358928,0.24579208395823227,0.8372578523892874,1.438302193561529,-0.265157956997887,0.6000694263495399
image_0240.jpg,11,0.1022212920761506,0.05875863371655078,0.6894233393115022,1.8598344940417983,-1.1118253240718,-1.5114970124087894
image_0241.jpg,11,0.09807499195442516,0.0735769256591923,0.6963214346879522,1.828495177634263,-1.1390017943844188,-1.4932711222601367
image_0247.jpg,11,0.2363684934469404,0.13590944957273923,0.7522438642131993,1.5897171896816824,-1.1539956583780673,-1.5186392868739542
image_0248.jpg,11,0.2667350459365684,0.13913949890362512,0.752448884616807,1.5619814250038828,-1.1449382088552982,-1.5382202071834126
image_0249.jpg,11,0.2777228703750896,0.14052537690095562,0.7487748184871763,1.529679027461629,-1.130010461313572,-1.5326707753323157
image_0250.jpg,11,0.2854055257741995,0.1377206239821684,0.7527698342417182,1.533591242051345,-1.1282549249215705,-1.5592209293165251
image_0252.jpg,11,0.30380851761321287,0.06475480674212025,0.7301636780698051,1.5638337234101758,-1.0901307850231023,-1.63945751360581
image_0253.jpg,11,0.2931512731881912,0.07218011536646878,0.7348947543837635,1.5656370157451838,-1.103623209769468,-1.6209651131880745
image_0254.jpg,11,0.2655836152077685,0.08960983242493362,0.7343499814065508,1.5504613113644794,-1.138466547109776,-1.5926731322002365
image_0257.jpg,11,0.21368321683608066,0.15808193176919308,0.7793707880023328,1.512319548439186,-1.2505321551513526,-1.493570181763342
image_0259.jpg,11,0.14196025502929063,0.15034226208681825,0.662705471696718,1.5036296170983512,-1.2914766552819887,-1.4978423637589393
image_0263.jpg,11,-0.0375432057089746,0.1572189400322006,0.66962310292497,1.7045633089541818,-1.4282364436426025,-1.3808774919041984
image_0264.jpg,11,-0.10016593956238168,0.16167105937976822,0.6715978841061929,1.7625435971467123,-1.4546796284792736,-1.3061278328201131
image_0265.jpg,11,-0.14227776634276484,0.1654391131550086,0.6756399031570107,1.8001040911234367,-1.4896432391601437,-1.2654972782812592
image_0266.jpg,11,-0.24902342132214783,0.16933248133342332,0.6590583163717407,1.9107831565671234,-1.5457996497535191,-1.1728277927855313
image_0267.jpg,11,-0.23368029344107616,0.1454894441331012,0.6213846983454061,1.9274164110389225,-1.5307983051411895,-1.2155903863215292
image_0269.jpg,11,-0.24185705335250804,0.06653282299399484,0.6359962164596376,1.99608654894867,-1.4899424326731097,-1.2997353290263873
image_0270.jpg,11,-0.2366654756124353,0.04033490025478138,0.6224376211093202,2.017155774425922,-1.4681539031524937,-1.3284440491289666
image_0271.jpg,11,-0.22888427700294942,0.02240812707408443,0.623497439808687,2.0280840955738437,-1.4595058885255643,-1.3653638755182245
image_0272.jpg,11,-0.18836067579991694,0.004671863465257258,0.636630102810085,2.009100935600714,-1.4008691650487954,-1.372818114297636
image_0280.jpg,11,0.03524413357285277,-0.027156859464475092,0.6947320187734615,1.8729109129419683,-1.1801787611041838,-1.4238347689580775
image_0281.jpg,11,0.010468564346994719,-0.021944770051692167,0.6903472701772488,1.9646974508939579,-1.1819881269144603,-1.2877412111489894
image_0282.jpg,11,-0.006422364424988004,-0.021916521145990648,0.6817764736961996,2.010431352083049,-1.1792710310583205,-1.195526323257592
image_0283.jpg,11,-0.06733671643787756,-0.024244491087627884,0.6478836449790852,2.1593609149229924,-1.1685651343985246,-0.9295376184112255
image_0284.jpg,11,-0.06839183973485838,-0.01863429710544266,0.6498469742563127,2.133112487553065,-1.1891329911648387,-0.9448063736390837
image_0285.jpg,11,-0.04064021380514213,6.173592790651544e-05,0.6704131098225484,2.074289448784335,-1.1969847302369119,-0.9769684363522864
image_0286.jpg,11,0.0151079289388868,0.02794373437088574,0.7201031655732499,1.9975173183651727,-1.1826191712743659,-1.0024252567822902
image_0289.jpg,11,0.10094004347523605,0.16540749032592472,0.815880606037016,1.6858644953399204,-1.1742379660287299,-0.8574318968461028
image_0290.jpg,11,0.0335346610453043,0.1764366479567572,0.8059456757141727,1.696183896282367,-1.2456539068659185,-0.8209162292183256
image_0292.jpg,11,-0.08818886950929898,0.19792480693935544,0.7798971323783185,1.7269839233648934,-1.3555793758027503,-0.7822139252605429
image_0293.jpg,11,-0.14132051402980475,0.21169898679642063,0.76914064906791,1.730441818233431,-1.4153491966834915,-0.7351135872981737
image_0294.jpg,11,-0.17665291268085756,0.22218963510301962,0.7785389914731676,1.7302802379322635,-1.4606397194190532,-0.6870962117629428
image_0295.jpg,11,-0.21640168919210662,0.23165018774836865,0.7930827241504521,1.742265936386103,-1.4861971469415918,-0.616959004713196
image_0297.jpg,11,-0.2952041601824439,0.22488562682838223,0.7651826851237332,1.7843980133317774,-1.5915791910228136,-0.5965509554810048
image_0298.jpg,11,-0.27467236334707124,0.14122153915476454,0.6730605570391237,1.9077407333672618,-1.5327913854652468,-0.7552222526862767
image_0299.jpg,11,-0.27745375189072624,0.06355911886873766,0.6433640942460271,1.9897208899437835,-1.5281764748917157,-0.8309402206607489
image_0300.jpg,11,-0.2731738197416731,0.01893324896539873,0.6219070776701788,2.0271337762728554,-1.511678113886013,-0.8786810895440528
image_0301.jpg,11,-0.2684885774831981,-0.010030722008490417,0.5996980555162833,2.0480888930665135,-1.5100898609301332,-0.9222556528097038
image_0302.jpg,11,-0.2656569655173218,-0.0662381709577031,0.5661073094947663,2.1150432694450623,-1.4919937107066867,-0.9936455530859184
image_0303.jpg,11,-0.2617699120428362,-0.06757421475240992,0.5606891437504822,2.104289807329542,-1.5023275242787666,-1.0083543510119768
image_0304.jpg,11,-0.2565692626834273,-0.061981094369515655,0.5696624923248059,2.084542479638854,-1.50570547699871,-1.0097303473349484
image_0305.jpg,11,-0.2540845737029836,-0.055867824961403786,0.5754250559280636,2.059905295762257,-1.506777263957118,-1.008388794451978
image_0306.jpg,11,-0.2295686806426085,-0.046276809462689784,0.5994146374054178,2.0024799652254974,-1.5164464774428295,-1.0410814772669097
image_0307.jpg,11,-0.2028145963807672,-0.042488355314229856,0.6212701867114233,1.9654153433437784,-1.4991508770230024,-1.069485987720642
image_0308.jpg,11,-0.10804804499956915,-0.0345270998025537,0.6743325381171298,1.8601939952731035,-1.4592925984036722,-1.1390917180813764
image_0309.jpg,11,-0.07153161550507639,-0.03326010603159035,0.6856012143582124,1.8157128607748723,-1.4280456672410557,-1.1668024989775214
image_0310.jpg,11,-0.00412404276468084,-0.04484145781176378,0.7055862032925538,1.776244361333601,-1.3672560812258208,-1.1981802280409546
image_0311.jpg,11,0.04656636900395276,-0.054669787856905114,0.7152169117546995,1.7545645057458021,-1.3371024436853125,-1.2327748728629195
image_0312.jpg,11,0.13812932216055562,-0.07754721609280542,0.7244863719946515,1.714152745190392,-1.2557039714896225,-1.2854511185383404
image_0313.jpg,11,0.172947981276346,-0.09304100567550945,0.7167489512337543,1.69156479880812,-1.2209643922554447,-1.3173846362502637
image_0314.jpg,11,0.21938661999641562,-0.11758225172666364,0.7014344769089045,1.6711120587923474,-1.1746896974214394,-1.3799822970159992
image_0315.jpg,11,0.23662319541074872,-0.134653701923907,0.690547398284933,1.6617261422891931,-1.1615094541099187,-1.414455119027989
image_0316.jpg,11,0.23681050627832553,-0.16058370726657098,0.6660866441235269,1.6637523739177027,-1.1420135176579087,-1.4578453307156838
image_0317.jpg,11,0.23278927128092586,-0.16299366584408628,0.6596432624506988,1.6705364401674627,-1.1504610600519785,-1.4681932364072738
image_0318.jpg,11,0.2299288532705642,-0.1444989438702149,0.6677082442993024,1.6235349937743007,-1.176831312324898,-1.4540211030165076
image_0319.jpg,11,0.2253401994041877,-0.13208478720508948,0.676808282682507,1.5921946480500235,-1.2019793698130596,-1.4650195972379783
image_0320.jpg,11,0.21500074313571266,-0.11046048993643245,0.687750754394473,1.5381128219834623,-1.2415663899876819,-1.4681016630234591
image_0321.jpg,11,0.21108655304738336,-0.09780403118939328,0.6926744578730725,1.5134412648781026,-1.2616674567926376,-1.4666153954262453
image_0322.jpg,11,0.21339939403489447,-0.09772642472329483,0.699060681626009,1.5143146704475319,-1.2724618354431436,-1.463768159848781
image_0323.jpg,11,0.16789854255142436,-0.08366452663974056,0.7200892922821728,1.6309924515555434,-1.2113120618932085,-1.275996481110516
image_0324.jpg,11,0.16743111858884158,-0.08702736705703636,0.748802019391646,1.7202074631751305,-1.1057876567407492,-1.094484639316419
image_0325.jpg,11,0.18840933828697168,-0.09801323592088114,0.7709180006144695,1.7815524716889313,-0.9864648632402973,-0.9394986774662932
image_0326.jpg,11,0.2095155030149213,-0.11687755523473801,0.776756591269662,1.8634887808333522,-0.8675831877775835,-0.8073818398275849
image_0327.jpg,11,0.23545562561836633,-0.13163941945033267,0.7785333693047647,1.942220475902597,-0.7263108871372087,-0.6808156150388586
image_0328.jpg,11,0.2599669374338156,-0.1295606203782836,0.7933492292352757,1.990776172760323,-0.583915156426781,-0.51511791841105
image_0329.jpg,11,0.27769696522729115,-0.1227496334331773,0.8071093054299159,2.0007775373425707,-0.5096270303145537,-0.43735093505840317
image_0330.jpg,11,0.29286742230830654,-0.12401110422558989,0.8084554532725513,2.01736231185325,-0.4238788570362689,-0.3443544901339406
image_0331.jpg,11,0.30233007723662003,-0.1347339639213046,0.801364988061012,2.048681962440531,-0.3742949980147446,-0.29384478853984375
image_0332.jpg,11,0.3153261455082413,-0.13965451832331413,0.8009498613497317,2.091292072559847,-0.26532146132855106,-0.20962200349604584
image_0333.jpg,11,0.3106069379492871,-0.1044380853614671,0.8337976128003401,2.0633623717081115,-0.14999826720913303,-0.046945603616863306
image_0334.jpg,11,0.3020484727061901,-0.1064688546968032,0.8336893998433423,2.069862578384668,-0.11204186829635851,-0.0006237294504144555
image_0335.jpg,11,0.2912093548009057,-0.14103894753300106,0.8218250941019174,2.108511297302831,-0.09405472357893677,0.018127224833147042
image_0336.jpg,11,0.26983493190618324,-0.2256092275372164,0.7677705126764477,2.2014742668368497,-0.11601402446389553,0.03327509095537663
image_0337.jpg,11,0.25982463976316944,-0.2576986149890871,0.7253822222999989,2.227985776505874,-0.15193902872878556,0.02408494964700809
image_0338.jpg,11,0.25489612496803615,-0.2660227615611395,0.7136789575344328,2.2440199495645143,-0.16105495259718824,0.021760910620019384
image_0339.jpg,11,0.21875598649281117,-0.25784321278304906,0.7369653669456152,2.2239825657591337,-0.20479230010730445,0.06834725460763307
image_0340.jpg,11,0.16791349728504731,-0.2326267441372813,0.7596863030152402,2.172972729658104,-0.25617181707108266,0.12085609878712618
image_0341.jpg,11,0.1503975587761608,-0.21563758139759379,0.7740121071953784,2.143061987405051,-0.28266090102886393,0.14261805654623166
image_0342.jpg,11,0.13961183557376886,-0.20654893529589294,0.7736936387969027,2.123326828656153,-0.29367807020412146,0.15601064920957747
image_0343.jpg,11,0.13304009198156916,-0.1973702868801291,0.7745103805424648,2.101638716259993,-0.3011436699982225,0.15686309818084984
image_0344.jpg,11,0.11854513972013409,-0.19491603024860324,0.7708014654764503,2.093154506600172,-0.31877936676914026,0.20402456637644942
image_0345.jpg,11,0.1144619704695645,-0.19178249669787562,0.7731074059793182,2.0896417803880523,-0.33649552300723806,0.20999821966397744
image_0346.jpg,11,0.10884531692544577,-0.18661507482457018,0.7703300458772241,2.0754964686501958,-0.3513928980313195,0.2117707497903369
image_0347.jpg,11,0.10523911309057864,-0.1828376045911214,0.7765822763834066,2.0650527737138673,-0.36446015020416206,0.21000934471063015
image_0348.jpg,11,0.10261777115445238,-0.1740975047500104,0.7743411406243528,2.048633653045248,-0.3810668609853381,0.20114253089208897
image_0349.jpg,11,0.10350572376907416,-0.17493955001932515,0.7781727151101361,2.0501059779747064,-0.37899886778213315,0.19801269768373106
image_0350.jpg,11,0.10863264866232651,-0.16168100474335756,0.7925433947254993,2.0308012996672247,-0.39216211153644676,0.14789058699892824
image_0351.jpg,11,0.10662885586026671,-0.14177783559653986,0.7992906055566501,1.9948835894466217,-0.41486367721215917,0.09100796808483252
image_0352.jpg,11,0.08375828278718944,-0.06513560541870361,0.849580050254189,1.8611673616351885,-0.5687572747204485,-0.020944725742949064
image_0353.jpg,11,0.08993344532501958,-0.03562938761560989,0.854115265522014,1.8028486270032311,-0.6415875218738033,-0.1783000937332122
image_0354.jpg,11,0.0920099932122928,-0.003259440987636822,0.8642924670568451,1.72982900593009,-0.7425790243665846,-0.3373884128568822
image_0355.jpg,11,0.09403942403896572,0.044603261553406916,0.870979677488416,1.593581366064079,-0.8779559800748106,-0.5466780089792238
image_0356.jpg,11,0.12874554559161083,0.1299142983491388,0.8964304097195954,1.3885272801462678,-1.0440847859239466,-0.8054345969363248
image_0371.jpg,11,0.03815636557209413,0.23873075458581502,0.91587774318898,1.4113127731496298,-1.3594985660393037,-1.1039391971213084
image_0372.jpg,11,0.044502616744560235,0.26105433450608745,0.9588371964729756,1.3689082556354266,-1.3409694422546903,-1.0689260714168685
image_0373.jpg,11,0.042520084497251365,0.2518598615965823,0.9051065612907021,1.38672188032107,-1.3593083600589257,-1.101021627288172
image_0374.jpg,11,0.04603442480719428,0.261515364633406,0.9191585856625842,1.3542381014898546,-1.354576900644987,-1.086277993578485
image_0375.jpg,11,0.034331892112274165,0.25915465763442164,0.8873228303892395,1.3652224894524325,-1.3913945730978878,-1.0967307784788365
image_0376.jpg,11,0.02665399601314847,0.265448431920103,0.8998901339925689,1.3710830730968713,-1.3894325635690028,-1.0728450074217415
image_0377.jpg,11,-0.004304243114055329,0.276994509951318,0.9128952386549293,1.3828563848463113,-1.3414513610643952,-0.9663960452887131
image_0378.jpg,11,-0.004703126598007161,0.2709726025639486,0.9021821338727404,1.4007705050007575,-1.3036502593408574,-0.921585001173521
image_0379.jpg,11,-0.007763607521663445,0.269699505340048,0.9039709412494915,1.429523416768343,-1.2723435856602099,-0.8888864210222146
image_0380.jpg,11,-0.00992678360640689,0.26590811428642364,0.9047012859535534,1.4571614719714627,-1.2328225993029058,-0.8454220750969023
image_0381.jpg,11,-0.01612115061439071,0.2667635283619445,0.9166964294006557,1.495403103174251,-1.178687276606263,-0.8105081094994304
image_0382.jpg,11,-0.025887011260801146,0.24892747081110042,0.9008795415734406,1.543624574096938,-1.1282067890057361,-0.7395810248758207
image_0383.jpg,11,-0.03195502518902672,0.22823748032866872,0.9018987737268185,1.6042934383040126,-1.0501470308614518,-0.6533633934048337
image_0384.jpg,11,-0.03547296684173536,0.19933225368718668,0.8955223260164721,1.647429746935496,-0.9641109949964395,-0.558120981849944
image_0385.jpg,11,-0.036423676216381144,0.16535854973487019,0.8877121360576739,1.707222366853777,-0.8898763847336455,-0.4565982706163673
image_0386.jpg,11,-0.057991501584177804,0.11091251481880765,0.8631500228775749,1.7932477624101721,-0.7863276702704028,-0.2885417567710471
image_0387.jpg,11,-0.1430033925614495,0.0835480247545428,0.8110474999427298,1.8453452331313376,-0.8197287919102307,-0.19441046647834878
image_0388.jpg,11,-0.17229289665349468,0.07457851357891312,0.7938128349153044,1.867754992254894,-0.849425536144748,-0.16006675544740126
image_0389.jpg,11,-0.2221227979351411,0.06093967818888844,0.7396772811312563,1.908580571580858,-0.9227641316065605,-0.17396619033760582
image_0390.jpg,11,-0.2848667584910929,0.06332784759977506,0.6837021454530958,1.9800322250466775,-1.1157400347139714,-0.25411251214276465
image_0391.jpg,11,-0.27534480181040616,0.005969044241181741,0.6484489585372535,2.0771461498575743,-1.0827087208847943,-0.19564272624732146
image_0392.jpg,11,-0.28994976385590276,-0.030101759875610798,0.618581914966408,2.1283113363930277,-1.0739522847780507,-0.15953754045042076
image_0395.jpg,11,-0.23849182442467406,-0.17923531848420876,0.5670273455779326,2.2731773541223235,-0.9627743667697882,-0.0067591714815955885
image_0398.jpg,11,-0.1598188114186999,-0.17387207387077092,0.6272355565242296,2.236874877230764,-0.8689905442231607,-0.18270988249543382
image_0399.jpg,11,-0.1140674667613215,-0.15617786997077268,0.6762726385463391,2.17189986307439,-0.8177910616211188,-0.2261194246769216
image_0400.jpg,11,-0.03296151744682251,-0.15721250600769962,0.71214493781228,2.1385962591146193,-0.7716487159543074,-0.31150350401099963
image_0401.jpg,11,0.016635000932321068,-0.15712899366723018,0.7243432169509512,2.1249098865017686,-0.7360730271697814,-0.36762632602172424
image_0402.jpg,11,0.06577303939908138,-0.16431103488169485,0.7362369655383579,2.115780307584109,-0.7110002328336745,-0.4210054035206168
image_0403.jpg,11,0.10324581016187286,-0.1693332451938369,0.740435313684232,2.1135861785976466,-0.6878828838449185,-0.4547214212626501
image_0404.jpg,11,0.1367056740543436,-0.16736699844811315,0.7437055914136781,2.097206850219913,-0.6633756540325745,-0.4940572737080811
image_0405.jpg,11,0.2164274666703736,-0.10145173509931796,0.8123509483645113,1.9259735086125187,-0.6075214121002644,-0.567226593481652
image_0406.jpg,11,0.2527127010418387,-0.04293590301562319,0.8496126148775839,1.827330609784141,-0.5727510020188497,-0.56202900662003
image_0407.jpg,11,0.2656889357146598,-0.029292667372572745,0.8593662412554792,1.8019340905984078,-0.5534301468108042,-0.5550764469306341
image_0408.jpg,11,0.27120567024181946,-0.0165310835637187,0.8672558096001823,1.773388871749753,-0.5550177931093233,-0.5525854920081625
image_0409.jpg,11,0.25725153100728454,0.010371993683574094,0.8752358405581495,1.7238030790857064,-0.5612779787490909,-0.5474970685899683
image_0410.jpg,11,0.24996605055293675,0.04250141245029047,0.8943283478067661,1.677146023203033,-0.5781085590546698,-0.5274710846328122
image_0411.jpg,11,0.22538551912083335,0.09659002105950697,0.9089528925463652,1.60662116382218,-0.5895240575120984,-0.4943086193142937
image_0412.jpg,11,0.12448694715723922,0.17773326029719505,0.9110618043555639,1.507679894199874,-0.6489872156396658,-0.40490926117957393
image_0413.jpg,11,0.02803398174422428,0.19391261979236563,0.8774443781792183,1.4806548843212377,-0.7296204305277566,-0.28297277289726286
image_0414.jpg,11,-0.048767920676921116,0.2121467722697666,0.8789855472015626,1.4786435279836196,-0.7807554916777895,-0.26206608993943725
image_0415.jpg,11,-0.07415062436082868,0.22937547710232895,0.8679215672031662,1.4626355882300777,-0.7829142993915403,-0.26856102291771095
image_0416.jpg,11,-0.06774626189075694,0.2448147113115839,0.87666357050982,1.4472103945228234,-0.7906789620907609,-0.30069481003723847
image_0417.jpg,11,-0.05982870804166304,0.25767312229533584,0.879752558022827,1.4132107473232112,-0.7872475798514788,-0.3009469535709123
image_0421.jpg,11,-0.009695522605663634,0.27665640908202355,0.897248220947582,1.355927595832343,-0.7601895608498516,-0.35237798705886636
image_0424.jpg,11,0.14363974548608519,0.19531021848305258,0.9270621243080883,1.4004420592807933,-0.6599243149489923,-0.4543076601686166
image_0425.jpg,11,0.19043026951099973,0.12373332972739046,0.9225696499397169,1.4380719743177706,-0.6181627317954127,-0.5105548638966435
image_0442.jpg,11,0.031766161342537465,0.06712229993808293,0.8636605646640236,1.7462026440399765,-0.7861335118922772,-0.5315047253878246
image_0443.jpg,11,-0.034243726535700535,-0.01749936535402913,0.7957651095691198,1.8933054993249452,-0.8563513643545854,-0.5076166772504094
image_0444.jpg,11,-0.07117276992749513,-0.06850355538812733,0.7528519445065514,1.969714464281968,-0.8828649658138191,-0.5017064734609596
image_0445.jpg,11,-0.11477245224634307,-0.08202156008708049,0.7157961372194391,1.9915135262809591,-0.9025663463841881,-0.4570855026455838
image_0446.jpg,11,-0.1554711856178868,-0.07214055830065365,0.7078041867336181,1.9868881141687817,-0.9469425402844125,-0.4269474891639514
image_0447.jpg,11,-0.15178917520330684,-0.07142275209569714,0.7114103872941429,1.9804710079444785,-0.9417175129523677,-0.4322032495470657
image_0448.jpg,11,-0.15384454255711086,-0.06527816115530966,0.7104474198674008,1.972650651306059,-0.9336247077207734,-0.4152516260811105
image_0449.jpg,11,-0.16005217450254666,-0.05444457277285924,0.7125455727607537,1.944900482411053,-0.9597722617692304,-0.42423447730950997
image_0450.jpg,11,-0.16820180828827122,-0.040051669422372684,0.712434253071812,1.9269330418225568,-0.9807576361776862,-0.43658790118814617
image_0451.jpg,11,-0.1512629538861477,-0.005953850287078429,0.7424788975422995,1.8564274411113204,-1.006655172509421,-0.5023231801790738
image_0452.jpg,11,-0.08463334373797765,0.12391938269000534,0.8260193847813673,1.6209079689272563,-1.00505106860337,-0.5907112275416215
image_0453.jpg,11,-0.04996916123790447,0.20234532611022865,0.8589082859394755,1.5262386737383675,-0.9846590222296459,-0.5621343064641983
image_0454.jpg,11,-0.0010951777539437422,0.2552683625086463,0.8887735637896709,1.4672826478077419,-0.9488782952275547,-0.5481253436836998
image_0455.jpg,11,0.056167133917632256,0.2706892039839386,0.9077629872664638,1.4247694078049806,-0.8911272475087719,-0.5507403857810124
image_0456.jpg,11,0.20042401586611525,0.27556837741378254,0.9219320526427868,1.3636814670087498,-0.8015343302994797,-0.6325459224217665
image_0457.jpg,11,0.26388987954797705,0.2809199172047377,0.9255602936297556,1.3355510728198985,-0.756984006167708,-0.6582072558335322
image_0458.jpg,11,0.3217985700440557,0.2853940799258992,0.9218496467036575,1.2976261448027369,-0.7128604339835498,-0.7073612149686072
image_0459.jpg,11,0.3679926397066148,0.2958544709750073,0.9166787305098385,1.2687951534169288,-0.6785715215362431,-0.7151421911255832
image_0460.jpg,11,0.4009630586535246,0.3039570838104808,0.9118268444858394,1.2577822064571431,-0.6654241202575057,-0.7094621769124828
image_0461.jpg,11,0.3846868777014001,0.29326165678950006,0.9044458537305265,1.2651889562324359,-0.6537868735173095,-0.6992618388079124
image_0462.jpg,11,0.31454019436693664,0.2898916000614896,0.912229572230648,1.290422267283991,-0.6895378612512917,-0.6623394887648981
image_0464.jpg,11,0.19459962316059942,0.2910945032781452,0.9041278217657562,1.328320665798493,-0.7761152388379112,-0.5901257345674714
image_0465.jpg,11,0.11990787687371512,0.2837438062404585,0.9038691547584674,1.3693883525963295,-0.8232815260147271,-0.5571656170103779
image_0466.jpg,11,0.03860060417755739,0.13451564493755028,0.8755412637370971,1.5729725236135612,-0.8999927932006148,-0.6200566919070871
image_0467.jpg,11,0.03040424726127727,0.06779599815485018,0.8450647066446414,1.625607155164145,-0.8921190905205981,-0.6385732498300001
image_0468.jpg,11,0.019088426231525527,0.027914315291973395,0.8129780617318156,1.6864586205748033,-0.8838640478167408,-0.6065270011392512
image_0469.jpg,11,0.01661188383644902,0.04930553396783599,0.818687894618156,1.6623205561651588,-0.8963983199839191,-0.6016486163837306
image_0470.jpg,11,0.017636639296039047,0.10352405654115898,0.8328771959562031,1.6237632317903379,-0.8874382209693886,-0.5375724650622239
image_0471.jpg,11,-0.03570742350756862,0.11492879602189675,0.8072280767908117,1.694795285658041,-0.9092067559451893,-0.3942647464269592
image_0472.jpg,11,-0.06652938227314234,0.07343315564961277,0.7687962743299682,1.7853932227797378,-0.9330894986683175,-0.35643552667968265
image_0473.jpg,11,-0.10731892660090858,0.022558018362153095,0.6899256637065898,1.926198737665909,-0.9659156031308074,-0.27547513254495604
image_0474.jpg,11,-0.12094618933998562,0.03581116747405874,0.66055812465485,1.9486294162850977,-0.9929799644631744,-0.23970860912645248
image_0475.jpg,11,-0.10653617994931114,0.07158568580366187,0.6756584017201813,1.9193325931676868,-0.9648519930156945,-0.20679046094478992
image_0476.jpg,11,-0.07677748271065742,0.09984541589845511,0.6985926207687952,1.8994682323824599,-0.8945987077709897,-0.12283581990304186
image_0477.jpg,11,0.008151628836376932,0.14983124785561552,0.7498121876487239,1.8230444497975573,-0.7714683221937312,-0.11083434402769562
image_0478.jpg,11,0.028427430881914066,0.1761043789825418,0.7613502599816916,1.7867528004730864,-0.7502368685465142,-0.11686787437008549
image_0479.jpg,11,0.04337577638850306,0.18985792406367,0.7676331190097487,1.7657439365791647,-0.7410046787367632,-0.12472819166419942
image_0480.jpg,11,0.09454578733890819,0.18396283796199453,0.777294883758925,1.7692993758682964,-0.6571183434481577,-0.11843479128126794
image_0481.jpg,11,0.09404023444274902,0.14927823839098103,0.7599335059678872,1.8220131499938528,-0.646421248670126,-0.12022704512506091
image_0482.jpg,11,0.09142338440613275,0.13362721201833666,0.7319572958622385,1.8791790945456983,-0.6420849287185597,-0.09273068228228072
image_0483.jpg,11,0.09440551656427175,0.16227764598285038,0.7433258164345145,1.8410358820183448,-0.642295035172697,-0.08849737962511503
image_0484.jpg,11,0.0977171264910583,0.20458131005893154,0.7503152019145976,1.7904474974427265,-0.6145336999893938,-0.056175768759652016
image_0485.jpg,11,0.09251411662051948,0.20293512044685638,0.7483754330196284,1.7888184136604814,-0.6182982812769051,-0.03342008704360665
image_0486.jpg,11,0.09438741011452846,0.2116147629886272,0.751921365164527,1.7667134950555687,-0.6249504191155817,-0.053295111045351576
image_0487.jpg,11,0.09695467052890054,0.21081962914880703,0.7553153901953586,1.7673595623974867,-0.6316612855880406,-0.06226435696091404
image_0488.jpg,11,0.10397860640331806,0.202240174367508,0.7588930631239549,1.8079885401528188,-0.6080418076949877,-0.033065294630380666
image_0489.jpg,11,0.12506223587592552,0.18892808659491078,0.7633862554881292,1.8225814299403824,-0.5657648483941545,-0.02906434066916875
image_0490.jpg,11,0.11977105834595478,0.11601521470940247,0.7353180584180307,1.9624128548488262,-0.49343812051158376,0.005633387531057035
image_0491.jpg,11,0.11225122122759748,0.09177294205042008,0.7244980622979852,2.0176298989223187,-0.46224237726415285,0.029095736490360034
image_0492.jpg,11,0.11160601375033027,0.0728012951595159,0.7177683973960688,2.065199610096924,-0.45801761209456615,0.040379203582734016
image_0493.jpg,11,0.11403925004384398,0.053285596570264104,0.7086582519572406,2.1163941054205844,-0.43325285438297545,0.05496646209052006
image_0494.jpg,11,0.11813758577034333,0.012641345297408554,0.6773565971381205,2.2107401718813366,-0.40819869042509105,0.0623417414207054
image_0495.jpg,11,0.12484366505628076,-0.01922425692293694,0.6509944118296926,2.291005635100086,-0.3873665341765877,0.06426441773083032
image_0496.jpg,11,0.1300530395652747,-0.031091747699446375,0.6408574669535932,2.336261368657284,-0.3801509222991226,0.066733708703788
image_0497.jpg,11,0.13557510987791477,-0.044406065526266504,0.6256375112134912,2.3746805724887667,-0.34473393406276265,0.08406086860803116
image_0498.jpg,11,0.1457553901279547,-0.06757488173274243,0.6050010530061968,2.449114343168597,-0.317675936334798,0.07798393451208273
image_0499.jpg,11,0.15212651981080064,-0.08691574293984487,0.5790600137809714,2.5262207527003904,-0.285993938828559,0.09562372429830589
image_0500.jpg,11,0.159337145788875,-0.09881342533018438,0.5585383620822644,2.571002068000643,-0.25491933607656825,0.10762629465960936
image_0501.jpg,11,0.1671182257062131,-0.1090256424659286,0.5406502435165804,2.6157925371984496,-0.23675134729278843,0.10617195731178651
image_0502.jpg,11,0.1711857671727106,-0.11904410555748948,0.5226135045676286,2.6606895732549813,-0.2146842226867335,0.12143219331884009
image_0506.jpg,11,0.20375393902425729,-0.07672056864912981,0.5657127356270987,2.6560886113600666,-0.15444583681952997,0.07674707916774352
image_0507.jpg,11,0.1946293756158193,-0.038733380426399636,0.6025100245864428,2.565130418072213,-0.17318822684410443,0.06975769605817479
image_0508.jpg,11,0.15472505895141267,-0.027983565187555366,0.6074606401268194,2.545007690502107,-0.21676294017885933,0.06708290012082326
image_0509.jpg,11,0.08575105894699121,-0.013163618679912404,0.5965457627043633,2.528495346699106,-0.31555234504467444,0.07602881695943467
image_0510.jpg,11,0.009101253357153824,0.004926846986315698,0.5765358802379146,2.495801983333085,-0.42095342771955513,0.1378947853229982
image_0511.jpg,11,-0.06314324482483262,0.02158796863017699,0.5502780140459766,2.4656568879920764,-0.5042722102153216,0.18830571697890072
image_0512.jpg,11,-0.136056420848869,0.018641209216732485,0.4992550233161351,2.4613083095846005,-0.5853654774820916,0.3395876857890647
image_0523.jpg,11,-0.14865273249231872,-0.06797506927486839,0.47425806962244726,2.57781501479869,-0.7016737678101812,0.3280257891114112
image_0524.jpg,11,-0.13388902391259133,-0.060942500345141495,0.5014780552207998,2.5632579829695716,-0.6845524264848283,0.2670249747372329
image_0525.jpg,11,-0.07750601637237808,-0.05599475246077243,0.539949317980211,2.5339658199592265,-0.6564566319101924,0.1543946638110394
image_0526.jpg,11,-0.042088699254232066,-0.055214676745598705,0.5572024953015743,2.5295200358872694,-0.6439573793875508,0.09566866331607421
image_0527.jpg,11,-0.013390119831827682,-0.05484066193266126,0.5705425656930422,2.528155817352615,-0.6255843575856218,0.049628689891390604
image_0528.jpg,11,0.013012862887324901,-0.05332779518114558,0.580282257929762,2.521838190773389,-0.6082765453539327,0.004370074186140763
image_0529.jpg,11,0.067831339502232,-0.05767873431749394,0.5867665883471349,2.494424328053883,-0.5928686758679899,-0.07729647602407659
image_0530.jpg,11,0.08560925319361973,-0.06675334246260428,0.5959237415109626,2.524926504304256,-0.5917214608569008,-0.11256003552414545
image_0531.jpg,11,0.1094384370249474,-0.09523610941665775,0.5815541989264773,2.544894484324675,-0.5821084710195812,-0.17348023270006604
image_0532.jpg,11,0.11520141226395242,-0.1295245016900544,0.5247702891915687,2.5310817317469407,-0.5919631497078498,-0.20995205806694545
image_0533.jpg,11,0.14632289528398898,-0.11515970234106586,0.5904600614581996,2.562165165547392,-0.5861126644375702,-0.2486534985977755
image_0534.jpg,11,0.18133767391769093,-0.08739936125627686,0.6473687837444866,2.481461452863923,-0.5518781830161457,-0.3047511121028064
image_0535.jpg,11,0.21221915645347653,-0.03946756361571794,0.7124198450172892,2.364249666081248,-0.5236232625435381,-0.34389721137613577
image_0536.jpg,11,0.2296370456049819,-0.0008172058898637027,0.7529794644282791,2.276095350404113,-0.5084462386093302,-0.3638298204215063
image_0537.jpg,11,0.24089200288826998,0.04572765178796184,0.7938481145438796,2.1924145753151327,-0.5078131169597718,-0.3884681986271348
image_0538.jpg,11,0.21122890640312544,0.14621441059673793,0.8423983155107054,2.0405483573891705,-0.5993004232319488,-0.42175669477563116
image_0539.jpg,11,0.20149250556694226,0.16872825866366079,0.8453017417049126,1.982812536367398,-0.6299973401506748,-0.4236006036533244
image_0540.jpg,11,0.18283918254200077,0.18289863768944245,0.8506325395758078,1.9772822153258096,-0.6622548433130057,-0.42531846798534667
image_0541.jpg,11,0.14535135524748538,0.19889540733017896,0.8411334412984961,1.9428143661024442,-0.7099968611322244,-0.40653901454223235
image_0542.jpg,11,0.06523033033692474,0.2223906703219368,0.8302656855475701,1.914752744872352,-0.7837427197247918,-0.36722765549741826
image_0543.jpg,11,-0.03696883976218727,0.23471570063021518,0.8075198525245528,1.9072368493756895,-0.8747372840066431,-0.2636613555187193
image_0544.jpg,11,-0.09663132005126505,0.23638909840684488,0.7985804883498937,1.8945573484544975,-0.88868536698166,-0.18108692747110364
image_0550.jpg,11,-0.28197265104318875,0.0869652810147145,0.6617113802930872,2.121378873374493,-1.0877628432674797,-0.10347220541767617
image_0551.jpg,11,-0.23009697960876033,0.08505169944576205,0.6972814691802104,2.0974205584537744,-1.0470991077015936,-0.17241259386150837
image_0552.jpg,11,-0.182851106773026,0.06698576655145033,0.7191137188263089,2.10563010585166,-1.0253712896700076,-0.25770874820478723
image_0553.jpg,11,-0.1285244804346765,0.029722549949534573,0.7378213335060282,2.131130805244733,-1.0000742470949564,-0.3456666662024005
image_0554.jpg,11,-0.08168255394484987,0.012837448379585217,0.7441647137107911,2.1218141763238294,-0.9773280728548721,-0.417715630035351
image_0555.jpg,11,0.01455865174354544,0.02192048873801647,0.7775389201239113,2.066858487134517,-0.9278732459644212,-0.530724912092993
image_0556.jpg,11,0.04987692299030723,0.02030081929115626,0.7928259004696833,2.0542774779268496,-0.9064790085967406,-0.5618570051582485
image_0557.jpg,11,0.08237076544971784,0.02430364725819255,0.7949419224772912,2.023988448016817,-0.8890159709081239,-0.5960352966913866
image_0558.jpg,11,0.09582573650594274,0.026418614499121376,0.7991558218718569,2.0229240350894324,-0.8802439689195375,-0.6113481846915151
image_0559.jpg,11,0.09634625761962903,0.028332647744038188,0.7998265923056879,2.0145190105449,-0.8729638376687384,-0.6029943035382954
image_0560.jpg,11,0.0363651512498721,0.0902808680446008,0.7872898197051275,1.9169142572522389,-0.984204410760891,-0.6482881361889582
image_0561.jpg,11,-0.019437861635155096,0.16603343385310407,0.7898316219617997,1.8371379207073566,-1.1207208916826423,-0.6744186408769756
image_0562.jpg,11,-0.08301558054039238,0.26361495970454873,0.8702510649960641,1.7406954594496085,-1.3263082986422625,-0.5293685818753577
image_0566.jpg,11,-0.07878311774443889,0.014590727880797898,0.7552680925245948,1.8757246214509042,-1.3902158511814935,-1.0458601132551675
image_0567.jpg,11,-0.04355274779882138,0.01057685384594225,0.7469417271742649,1.8457897436646853,-1.372050788363397,-1.0957729107473277
image_0568.jpg,11,-0.041378514137021816,0.02481782997630618,0.75554852227122,1.8229545204625819,-1.3897327492182956,-1.1029817152850054
image_0569.jpg,11,-0.016154121199372023,0.02946828320641021,0.7700060407464135,1.798824988087091,-1.4011017003870787,-1.143441016791688
image_0570.jpg,11,0.01792074831138658,0.030732824329703586,0.78370427218465,1.7690097593782808,-1.389808008998628,-1.1684976218945193
image_0571.jpg,11,0.05688028866634354,0.03139471403487439,0.7909549749251462,1.7428440001249543,-1.3690845116263939,-1.2045481966075429
image_0572.jpg,11,0.10489749376928047,0.045286503505427185,0.7909916148069001,1.660817957476568,-1.342341068118126,-1.247240617980472
image_0573.jpg,11,0.12151078453799209,0.09261997529153097,0.8109806569358373,1.5817156747285817,-1.4032507389152464,-1.275956793280904
image_0574.jpg,11,0.12336284235279983,0.11340681621957577,0.8156540939733208,1.5441938348776483,-1.4397548299557592,-1.2418355021542051
image_0575.jpg,11,0.12540583010389278,0.12477794305573021,0.8184120215971106,1.5338885345888031,-1.4530240256934226,-1.2571698832738707
image_0576.jpg,11,0.13031786755819308,0.1391213395970487,0.8313777594841613,1.507976399353135,-1.4770955052057846,-1.2547775970066621
image_0578.jpg,11,0.13140454657620335,0.17709745233908328,0.8397256316101366,1.4466955648879054,-1.525732574934255,-1.2659850916577757
image_0579.jpg,11,0.11066178255476822,0.17918994081089448,0.835756763309092,1.4822295181428637,-1.547534470197933,-1.2830465943949811
image_0581.jpg,11,-0.08163371328573327,0.1744985966686286,0.7792822535308743,1.6828447745887278,-1.6396329237620997,-1.0991614029873837
image_0582.jpg,11,-0.16490322750319472,0.15877223558903145,0.7447813918380206,1.7699932712670217,-1.6785215415309471,-1.028357374275792
image_0584.jpg,11,-0.2886874820534341,0.18573947256837853,0.6802948317662731,1.8243021964982966,-1.7949236862088165,-0.9050726063302583
image_0602.jpg,11,-0.20781530034689175,-0.0031221826490318585,0.5461185168071404,2.421071382215177,-1.279523006915374,-0.1636596197916135
image_0603.jpg,11,-0.10014235569373002,-0.012600939004898205,0.6031451237862552,2.3809915417281275,-1.2065565879670892,-0.3158039795518879
image_0604.jpg,11,-0.05356858773287814,-0.02728900250909341,0.6138484681857207,2.379523839517602,-1.1535819726013972,-0.3884720760082085
image_0605.jpg,11,-0.029031734828764724,-0.033165291473891724,0.6227566658453516,2.3700565543618133,-1.141782351083649,-0.4233530996525307
image_0606.jpg,11,0.005409821986766943,-0.028359107058408984,0.64148233685479,2.3309150645739916,-1.1217786974374886,-0.4839432519116802
image_0607.jpg,11,0.04611503838888776,-0.018780241983773312,0.6578996480321064,2.277026889665059,-1.094306907030091,-0.5549402031513363
image_0608.jpg,11,0.044855441423477686,-0.002116968549536477,0.661981022421623,2.2448086318796254,-1.1073454951320607,-0.554588108874206
image_0609.jpg,11,0.03807770166436688,-0.01342992276631984,0.6495565718155346,2.295467352069714,-1.0990256724258771,-0.5203200753694803
image_0610.jpg,11,0.022110788404440303,-0.023378520044180954,0.6249079371688012,2.3460361354790136,-1.1000300647638022,-0.47496392778971463
image_0611.jpg,11,0.0035690373548760658,-0.05139496553669209,0.5808673496074744,2.4481505245326964,-1.1101249171774734,-0.37745095011795027
image_0612.jpg,11,-0.006619268208123027,-0.05758029596766853,0.5576451808528504,2.496052010667636,-1.1240232002534842,-0.36189349845157837
image_0613.jpg,11,-0.0034994123112637473,-0.046174071142859874,0.5632566903235764,2.4836377428231393,-1.1306899166539706,-0.3779692708703294
image_0614.jpg,11,0.0022474529391642356,-0.03373341959170529,0.5704635177070935,2.4599395869261143,-1.1230156064116767,-0.37974597110505615
image_0615.jpg,11,0.015502723349068239,-0.054599251939334764,0.5649801763438776,2.469163478799397,-1.1235974754122326,-0.3689127187942191
image_0616.jpg,11,0.044841061703388765,-0.09819902382954038,0.5292784446437232,2.4386585562877388,-1.088146600048554,-0.38109678951044157
image_0624.jpg,11,0.03412820536103876,-0.01901610777257693,0.41070645067184836,-1.7127123586012134,2.0943128245559537,1.596081449786283
image_0625.jpg,11,0.0288898575223154,-0.0044183626386660145,0.4091276082235029,-1.6922407628127887,2.113614578631599,1.5694251920292217
image_0626.jpg,11,0.024437047783845003,0.0025282043014317273,0.40533631429864003,-1.6793459782985491,2.121906324321609,1.5480536846135924
image_0627.jpg,11,0.023591111699933626,0.0027282924043680523,0.4044883477742776,-1.682673779525772,2.1211726187630315,1.5490032319922271
image_0628.jpg,11,-0.013336112884556307,0.015944223958398916,0.3894296594864872,-1.610382935752628,2.109788504591638,1.4804831128024414
image_0629.jpg,11,-0.05539755865146611,0.03311418844536401,0.3142606631617865,-1.4859178628964052,2.087046483162541,1.5255139545702021
image_0632.jpg,11,-0.01743690763683487,0.02174501498298401,0.41741837000476706,-1.4890223813985963,2.147181564688423,1.567975261688539
image_0633.jpg,11,0.02008565814787435,0.031935647359429234,0.4536270964457043,-1.5342088194371573,2.214516981612054,1.5819775596528929
image_0634.jpg,11,0.010596792841155637,0.033711822802980754,0.44642950439503454,-1.5678284352960523,2.22954259797212,1.5407998375136724
image_0635.jpg,11,-0.0015280706575375516,0.03802936232502076,0.4415890163531111,-1.6216143162149137,2.238427980916205,1.4865189145036508
image_0636.jpg,11,-0.023701824285429943,0.0533464398923108,0.42937937105770907,1.660631552459505,-2.2621506137696716,-1.3847471815107102
image_0637.jpg,11,-0.06638579947140855,0.056414519421133985,0.4008114259249555,1.770560724215389,-2.2642741275438216,-1.2469399908607544
image_0638.jpg,11,-0.10286353417925888,0.03861424514852242,0.3639045761121087,-1.8038626184432762,2.1687503586991137,1.1658751905251912
image_0642.jpg,11,-0.08663138631389135,-0.030832066405099706,0.3944846461042847,-1.9795503401815358,2.1270996624878826,1.1714053356467087
image_0643.jpg,11,-0.04484652353490535,-0.0492363629136373,0.4164731938532986,1.9791765484160029,-2.0298400604710083,-1.178545483272396
image_0644.jpg,11,-0.02019281731539807,-0.040818591483123626,0.4328641670539141,1.9230086194777933,-2.0000092485483205,-1.2079266295008013
image_0645.jpg,11,0.04383765378793608,0.004966835643246765,0.4820331132644223,1.7444596127249252,-2.001907843268996,-1.238194371796704
image_0646.jpg,11,0.08014644417783151,0.016273730711280195,0.5158586571881965,1.7031620354722692,-1.9543368448029637,-1.2068333059873764
image_0647.jpg,11,0.12909016787100897,0.050316019082628366,0.5362330442571182,1.582926918121093,-1.9495292999836462,-1.215912716620163
image_0648.jpg,11,0.13423704810660045,0.06808229529516303,0.541780642835739,1.5635931362768352,-1.980263920455105,-1.1999045539989004
image_0649.jpg,11,0.1043051798557254,0.12478290837241446,0.5230158155906083,1.530580475007182,-2.0795876410210803,-1.0984756405184914
image_0650.jpg,11,0.08985002471112916,0.14041765466174866,0.5148889440888689,1.543698779876587,-2.1502766560859587,-1.0981854375981586
